,Unnamed: 0.1_away_team,Unnamed: 0.1_home_team,Unnamed: 0_away_team,Unnamed: 0_home_team,alias_away_team,alias_home_team,avg_gain_away_team,avg_gain_home_team,fumbles_away_team,fumbles_home_team,id_away_team,id_home_team,index_away_team,index_home_team,lost_fumbles_away_team,lost_fumbles_home_team,market_away_team,market_home_team,name_away_team,name_home_team,penalties_away_team,penalties_home_team,penalty_yards_away_team,penalty_yards_home_team,play_count_away_team,play_count_home_team,points_away_team,points_home_team,possession_time_away_team,possession_time_home_team,reference.1_away_team,reference.1_home_team,reference_away_team,reference_home_team,remaining_timeouts_away_team,remaining_timeouts_home_team,return_yards_away_team,return_yards_home_team,rush_plays_away_team,rush_plays_home_team,safeties_away_team,safeties_home_team,sr_id.1_away_team,sr_id.1_home_team,sr_id_away_team,sr_id_home_team,total_yards_away_team,total_yards_home_team,turnovers_away_team,turnovers_home_team,used_timeouts_away_team,used_timeouts_home_team,winner
0,1,0,1,0,DET,NO,3.2,3.9,2.0,5.0,c5a59daa-53a7-4de0-851f-fb12be893e9e,0d855753-ea21-4953-89f9-0e20aff9eb73,2,1,1.0,2.0,Detroit,New Orleans,Lions,Saints,8.0,12.0,74.0,89.0,59.0,64.0,14,10,30:49,29:11,137.0,145.0,137,145,2,0,125.0,73.0,32.0,25.0,0.0,0.0,sr:competitor:4419,sr:competitor:4425,sr:competitor:4419,sr:competitor:4425,187.0,252.0,2.0,3.0,1,3,away
0,1,0,1,0,NO,ATL,5.7,6.5,0.0,0.0,0d855753-ea21-4953-89f9-0e20aff9eb73,e6aa13a4-0055-48a9-bc41-be28dc106929,2,1,0.0,0.0,New Orleans,Atlanta,Saints,Falcons,6.0,7.0,45.0,48.0,70.0,43.0,21,19,33:52,26:08,145.0,128.0,145,128,1,0,13.0,13.0,38.0,17.0,0.0,0.0,sr:competitor:4425,sr:competitor:4393,sr:competitor:4425,sr:competitor:4393,402.0,278.0,1.0,0.0,2,3,away
0,1,0,1,0,SF,CAR,6.9,5.4,3.0,0.0,f0e724b0-4cbf-495a-be47-013907608da9,f14bf5cc-9a82-4a38-bc15-d39f75ed5314,2,1,1.0,0.0,San Francisco,Carolina,49ers,Panthers,13.0,6.0,82.0,63.0,60.0,72.0,16,34,26:23,33:37,153.0,131.0,153,131,0,2,0.0,43.0,18.0,25.0,0.0,0.0,sr:competitor:4389,sr:competitor:4415,sr:competitor:4389,sr:competitor:4415,411.0,390.0,2.0,0.0,3,1,home
0,1,0,1,0,CLE,PIT,2.4,3.4,0.0,1.0,d5a2eb42-8065-4174-ab79-0a6fa820e35e,cb2f9f1f-ac67-424e-9e72-1475cb0ed398,2,1,0.0,0.0,Cleveland,Pittsburgh,Browns,Steelers,8.0,5.0,77.0,47.0,43.0,73.0,0,22,20:25,39:35,134.0,150.0,134,150,2,2,7.0,94.0,19.0,45.0,0.0,0.0,sr:competitor:4417,sr:competitor:4345,sr:competitor:4417,sr:competitor:4345,104.0,248.0,3.0,0.0,1,1,home
0,1,0,1,0,CHI,PHI,3.9,4.7,1.0,2.0,7b112545-38e6-483c-a55c-96cf6ee49cb8,386bdbf9-9eea-4869-bb9a-274b0bc66e80,2,1,0.0,1.0,Chicago,Philadelphia,Bears,Eagles,7.0,4.0,50.0,35.0,71.0,63.0,9,13,29:02,30:58,132.0,149.0,132,149,0,3,7.0,49.0,25.0,27.0,0.0,0.0,sr:competitor:4391,sr:competitor:4428,sr:competitor:4391,sr:competitor:4428,274.0,298.0,1.0,2.0,3,0,home
0,1,0,1,0,DEN,CIN,6.3,7.9,3.0,1.0,ce92bd47-93d5-4fe9-ada4-0fc681e6caa0,ad4ae08f-d808-42d5-a1e6-e9bc4e34d123,2,1,2.0,1.0,Denver,Cincinnati,Broncos,Bengals,6.0,9.0,38.0,69.0,79.0,53.0,21,31,37:33,22:27,136.0,133.0,136,133,0,2,10.0,6.0,32.0,37.0,0.0,0.0,sr:competitor:4418,sr:competitor:4416,sr:competitor:4418,sr:competitor:4416,500.0,421.0,3.0,1.0,3,1,home
0,1,0,1,0,TEN,BAL,4.1,4.6,2.0,7.0,d26a1ca5-722d-4274-8f97-c92e49c96315,ebd87119-b331-4469-9ea6-d51fe3ce2f1c,2,1,1.0,0.0,Tennessee,Baltimore,Titans,Ravens,4.0,8.0,20.0,52.0,47.0,80.0,14,6,23:59,36:01,156.0,129.0,156,129,1,1,64.0,30.0,26.0,29.0,0.0,0.0,sr:competitor:367364,sr:competitor:4413,sr:competitor:367364,sr:competitor:4413,191.0,368.0,2.0,4.0,2,2,away
0,1,0,1,0,SEA,OAK,4.4,7.6,3.0,1.0,3d08af9e-c767-4f88-a7dc-b920c6d2b4a8,1c1cec48-6352-4556-b789-35304c1a6ae1,2,1,2.0,0.0,Seattle,Oakland,Seahawks,Raiders,10.0,10.0,68.0,90.0,64.0,50.0,3,31,29:40,30:20,152.0,148.0,152,148,3,2,45.0,0.0,32.0,27.0,0.0,0.0,sr:competitor:4430,sr:competitor:4390,sr:competitor:4430,sr:competitor:4390,283.0,380.0,3.0,1.0,0,1,home
0,1,0,1,0,WAS,JAC,7.4,5.2,1.0,3.0,22052ff7-c065-42ee-bc8f-c4691c50e624,f7ddd7fa-0bae-4f90-bc8e-669e4d6cf2de,2,1,1.0,2.0,Washington,Jacksonville,Redskins,Jaguars,6.0,5.0,59.0,42.0,54.0,74.0,35,16,27:42,32:18,157.0,140.0,157,140,1,0,53.0,15.0,30.0,26.0,0.0,0.0,sr:competitor:4432,sr:competitor:4386,sr:competitor:4432,sr:competitor:4386,399.0,385.0,2.0,4.0,2,3,away
0,1,0,1,0,NE,IND,5.1,9.7,3.0,1.0,97354895-8c77-4fd4-a860-32e62ea7382a,82cf9565-6eb9-4f01-bdbd-5aa0d472fcd9,2,1,1.0,1.0,New England,Indianapolis,Patriots,Colts,6.0,8.0,48.0,106.0,76.0,41.0,23,30,39:01,20:59,144.0,139.0,144,139,1,1,0.0,28.0,42.0,21.0,0.0,0.0,sr:competitor:4424,sr:competitor:4421,sr:competitor:4424,sr:competitor:4421,386.0,398.0,1.0,1.0,2,2,home
0,1,0,1,0,MIA,NYJ,5.8,5.5,0.0,1.0,4809ecb0-abd3-451d-9c4a-92a90b83ca06,5fee86ae-74ab-4bdd-8416-42a9dd9964f3,2,1,0.0,1.0,Miami,New York,Dolphins,Jets,13.0,3.0,95.0,30.0,75.0,82.0,37,40,36:11,30:36,142.0,147.0,142,147,1,1,47.0,32.0,38.0,22.0,0.0,0.0,sr:competitor:4287,sr:competitor:4427,sr:competitor:4287,sr:competitor:4427,433.0,455.0,3.0,4.0,1,1,home
0,1,0,1,0,TEN,BUF,3.1,4.0,1.0,0.0,d26a1ca5-722d-4274-8f97-c92e49c96315,768c92aa-75ff-4a43-bcc0-f2798c2e1724,2,1,0.0,0.0,Tennessee,Buffalo,Titans,Bills,12.0,6.0,112.0,91.0,55.0,66.0,13,16,26:49,33:11,156.0,130.0,156,130,0,0,60.0,18.0,20.0,35.0,0.0,0.0,sr:competitor:367364,sr:competitor:4376,sr:competitor:367364,sr:competitor:4376,172.0,266.0,1.0,0.0,3,3,home
0,1,0,1,0,DET,TB,3.7,4.9,0.0,1.0,c5a59daa-53a7-4de0-851f-fb12be893e9e,4254d319-1bc7-4f81-b4ab-b5e6f3402b69,2,1,0.0,1.0,Detroit,Tampa Bay,Lions,Buccaneers,7.0,7.0,55.0,54.0,75.0,53.0,28,14,36:35,23:25,137.0,155.0,137,155,3,0,23.0,26.0,37.0,19.0,0.0,1.0,sr:competitor:4419,sr:competitor:4388,sr:competitor:4419,sr:competitor:4388,277.0,258.0,0.0,4.0,0,3,away
0,1,0,1,0,ARI,DAL,4.9,6.2,1.0,0.0,de760528-1dc0-416a-a978-b510d20692ff,e627eec7-bbae-4fa4-8e73-8e1d6bc5c060,2,1,0.0,0.0,Arizona,Dallas,Cardinals,Cowboys,11.0,5.0,59.0,30.0,56.0,56.0,7,48,29:15,30:45,127.0,135.0,127,135,1,2,4.0,111.0,24.0,40.0,0.0,0.0,sr:competitor:4412,sr:competitor:4392,sr:competitor:4412,sr:competitor:4392,276.0,347.0,3.0,0.0,2,1,home
0,1,0,1,0,BUF,MIN,5.6,6.8,2.0,1.0,768c92aa-75ff-4a43-bcc0-f2798c2e1724,33405046-04ee-4058-a950-d606f8c30852,2,1,1.0,0.0,Buffalo,Minnesota,Bills,Vikings,11.0,9.0,72.0,55.0,72.0,51.0,27,31,35:38,24:22,130.0,143.0,130,143,0,1,33.0,41.0,28.0,22.0,0.0,0.0,sr:competitor:4376,sr:competitor:4423,sr:competitor:4376,sr:competitor:4423,406.0,348.0,1.0,1.0,3,2,home
0,1,0,1,0,STL,KC,6.1,8.1,2.0,1.0,39f349de-6463-4803-ad70-f1e0f144f5ed,6680d28d-d4d2-49f6-aace-5292d3ec02c2,2,1,1.0,0.0,St. Louis,Kansas City,Rams,Chiefs,8.0,6.0,87.0,50.0,70.0,58.0,34,54,34:49,25:11,154.0,141.0,154,141,0,0,7.0,36.0,20.0,22.0,0.0,0.0,,sr:competitor:4422,,sr:competitor:4422,428.0,468.0,4.0,0.0,3,3,home
0,1,0,1,0,GB,MIA,5.3,5.3,2.0,2.0,a20471b4-a8d9-40c7-95ad-90cc30e46932,4809ecb0-abd3-451d-9c4a-92a90b83ca06,2,1,1.0,1.0,Green Bay,Miami,Packers,Dolphins,7.0,7.0,59.0,104.0,60.0,56.0,20,28,31:41,28:19,138.0,142.0,138,142,0,3,13.0,112.0,24.0,30.0,0.0,0.0,sr:competitor:4420,sr:competitor:4287,sr:competitor:4420,sr:competitor:4287,319.0,296.0,2.0,1.0,3,0,home
0,1,0,1,0,DET,IND,5.0,6.5,2.0,3.0,c5a59daa-53a7-4de0-851f-fb12be893e9e,82cf9565-6eb9-4f01-bdbd-5aa0d472fcd9,2,1,2.0,3.0,Detroit,Indianapolis,Lions,Colts,9.0,3.0,57.0,20.0,65.0,65.0,18,30,25:46,34:14,137.0,139.0,137,139,0,3,110.0,27.0,23.0,31.0,0.0,1.0,sr:competitor:4419,sr:competitor:4421,sr:competitor:4419,sr:competitor:4421,328.0,420.0,4.0,5.0,3,0,home
0,1,0,1,0,CIN,CLE,3.2,3.4,2.0,0.0,ad4ae08f-d808-42d5-a1e6-e9bc4e34d123,d5a2eb42-8065-4174-ab79-0a6fa820e35e,2,1,0.0,0.0,Cincinnati,Cleveland,Bengals,Browns,6.0,9.0,84.0,71.0,75.0,54.0,12,3,36:42,23:18,133.0,134.0,133,134,3,1,51.0,52.0,51.0,20.0,1.0,0.0,sr:competitor:4416,sr:competitor:4417,sr:competitor:4416,sr:competitor:4417,240.0,182.0,1.0,1.0,0,2,away
0,1,0,1,0,NO,ARI,4.3,5.1,0.0,2.0,0d855753-ea21-4953-89f9-0e20aff9eb73,de760528-1dc0-416a-a978-b510d20692ff,2,1,0.0,2.0,New Orleans,Arizona,Saints,Cardinals,5.0,4.0,55.0,27.0,57.0,77.0,21,10,26:41,33:19,145.0,127.0,145,127,2,0,52.0,9.0,29.0,27.0,0.0,0.0,sr:competitor:4425,sr:competitor:4412,sr:competitor:4425,sr:competitor:4412,247.0,394.0,1.0,4.0,1,3,away
0,1,0,1,0,KC,SEA,6.6,5.0,1.0,1.0,6680d28d-d4d2-49f6-aace-5292d3ec02c2,3d08af9e-c767-4f88-a7dc-b920c6d2b4a8,2,1,0.0,1.0,Kansas City,Seattle,Chiefs,Seahawks,7.0,10.0,53.0,99.0,62.0,70.0,24,19,30:40,29:20,141.0,152.0,141,152,0,0,1.0,104.0,26.0,25.0,0.0,0.0,sr:competitor:4422,sr:competitor:4430,sr:competitor:4422,sr:competitor:4430,410.0,351.0,3.0,4.0,3,3,away
0,1,0,1,0,NYJ,BUF,5.7,5.2,2.0,0.0,5fee86ae-74ab-4bdd-8416-42a9dd9964f3,768c92aa-75ff-4a43-bcc0-f2798c2e1724,2,1,2.0,0.0,New York,Buffalo,Jets,Bills,2.0,5.0,20.0,45.0,59.0,65.0,20,23,29:37,30:23,147.0,130.0,147,130,0,1,20.0,89.0,20.0,29.0,0.0,0.0,sr:competitor:4427,sr:competitor:4376,sr:competitor:4427,sr:competitor:4376,337.0,338.0,4.0,0.0,3,2,home
0,1,0,1,0,PHI,DAL,5.6,3.4,0.0,0.0,386bdbf9-9eea-4869-bb9a-274b0bc66e80,e627eec7-bbae-4fa4-8e73-8e1d6bc5c060,2,1,0.0,0.0,Philadelphia,Dallas,Eagles,Cowboys,4.0,9.0,25.0,93.0,76.0,49.0,41,14,39:30,20:30,149.0,135.0,149,135,1,3,55.0,40.0,46.0,13.0,0.0,0.0,sr:competitor:4428,sr:competitor:4392,sr:competitor:4428,sr:competitor:4392,425.0,167.0,3.0,2.0,2,0,away
0,1,0,1,0,PIT,BAL,4.1,5.0,2.0,2.0,cb2f9f1f-ac67-424e-9e72-1475cb0ed398,ebd87119-b331-4469-9ea6-d51fe3ce2f1c,2,1,1.0,2.0,Pittsburgh,Baltimore,Steelers,Ravens,3.0,4.0,20.0,20.0,57.0,55.0,9,6,31:58,28:02,150.0,129.0,150,129,2,0,0.0,27.0,34.0,27.0,0.0,0.0,sr:competitor:4345,sr:competitor:4413,sr:competitor:4345,sr:competitor:4413,231.0,274.0,1.0,3.0,1,3,away
0,1,0,1,0,TEN,WAS,4.1,4.0,0.0,0.0,d26a1ca5-722d-4274-8f97-c92e49c96315,22052ff7-c065-42ee-bc8f-c4691c50e624,2,1,0.0,0.0,Tennessee,Washington,Titans,Redskins,10.0,7.0,56.0,62.0,46.0,67.0,27,21,29:19,30:41,156.0,157.0,156,157,2,0,150.0,0.0,27.0,24.0,0.0,0.0,sr:competitor:367364,sr:competitor:4432,sr:competitor:367364,sr:competitor:4432,189.0,266.0,0.0,3.0,1,3,away
0,1,0,1,0,JAC,DAL,6.3,5.5,0.0,3.0,f7ddd7fa-0bae-4f90-bc8e-669e4d6cf2de,e627eec7-bbae-4fa4-8e73-8e1d6bc5c060,2,1,0.0,2.0,Jacksonville,Dallas,Jaguars,Cowboys,8.0,7.0,50.0,54.0,62.0,59.0,23,17,33:36,30:08,140.0,135.0,140,135,2,1,21.0,23.0,38.0,32.0,0.0,0.0,sr:competitor:4386,sr:competitor:4392,sr:competitor:4386,sr:competitor:4392,392.0,325.0,0.0,3.0,0,1,away
0,1,0,1,0,MIN,TB,5.6,8.4,1.0,0.0,33405046-04ee-4058-a950-d606f8c30852,4254d319-1bc7-4f81-b4ab-b5e6f3402b69,2,1,1.0,0.0,Minnesota,Tampa Bay,Vikings,Buccaneers,6.0,4.0,46.0,34.0,72.0,49.0,13,41,32:13,27:47,143.0,155.0,143,155,3,1,0.0,39.0,17.0,25.0,0.0,0.0,sr:competitor:4423,sr:competitor:4388,sr:competitor:4423,sr:competitor:4388,401.0,413.0,3.0,0.0,0,2,home
0,1,0,1,0,CAR,ATL,3.2,4.9,1.0,2.0,f14bf5cc-9a82-4a38-bc15-d39f75ed5314,e6aa13a4-0055-48a9-bc41-be28dc106929,2,1,1.0,1.0,Carolina,Atlanta,Panthers,Falcons,9.0,8.0,58.0,98.0,66.0,57.0,12,13,28:23,31:37,131.0,128.0,131,128,0,1,19.0,78.0,20.0,27.0,0.0,0.0,sr:competitor:4415,sr:competitor:4393,sr:competitor:4415,sr:competitor:4393,209.0,281.0,4.0,3.0,3,2,home
0,1,0,1,0,PHI,NYG,4.2,4.6,0.0,5.0,386bdbf9-9eea-4869-bb9a-274b0bc66e80,04aa1c9d-66da-489d-b16a-1dee3f2eec4d,2,1,0.0,0.0,Philadelphia,New York,Eagles,Giants,8.0,5.0,74.0,35.0,46.0,84.0,7,24,16:19,43:41,149.0,146.0,149,146,0,0,57.0,3.0,11.0,44.0,0.0,0.0,sr:competitor:4428,sr:competitor:4426,sr:competitor:4428,sr:competitor:4426,192.0,384.0,1.0,0.0,3,4,home
0,1,0,1,0,OAK,SD,3.6,3.9,0.0,2.0,1c1cec48-6352-4556-b789-35304c1a6ae1,9dbb9060-ba0f-4920-829e-16d4d9246b5d,2,1,0.0,1.0,Oakland,San Diego,Raiders,Chargers,8.0,11.0,50.0,88.0,64.0,58.0,15,13,31:44,28:16,148.0,151.0,148,151,0,0,35.0,18.0,28.0,20.0,0.0,0.0,sr:competitor:4390,,sr:competitor:4390,,228.0,224.0,1.0,2.0,3,3,away
0,1,0,1,0,STL,SF,6.3,5.1,1.0,2.0,39f349de-6463-4803-ad70-f1e0f144f5ed,f0e724b0-4cbf-495a-be47-013907608da9,2,1,0.0,0.0,St. Louis,San Francisco,Rams,49ers,11.0,8.0,90.0,80.0,71.0,64.0,34,24,34:01,25:59,154.0,153.0,154,153,0,0,91.0,31.0,30.0,18.0,0.0,0.0,,sr:competitor:4389,,sr:competitor:4389,447.0,325.0,1.0,0.0,3,3,away
0,1,0,1,0,DAL,PHI,4.2,4.9,3.0,1.0,e627eec7-bbae-4fa4-8e73-8e1d6bc5c060,386bdbf9-9eea-4869-bb9a-274b0bc66e80,2,1,1.0,0.0,Dallas,Philadelphia,Cowboys,Eagles,12.0,7.0,97.0,91.0,71.0,73.0,13,16,34:50,33:05,135.0,149.0,135,149,2,2,50.0,2.0,46.0,31.0,0.0,0.0,sr:competitor:4392,sr:competitor:4428,sr:competitor:4392,sr:competitor:4428,295.0,357.0,2.0,2.0,0,0,home
0,1,0,1,0,TB,ATL,4.2,4.1,1.0,0.0,4254d319-1bc7-4f81-b4ab-b5e6f3402b69,e6aa13a4-0055-48a9-bc41-be28dc106929,2,1,1.0,0.0,Tampa Bay,Atlanta,Buccaneers,Falcons,4.0,5.0,43.0,25.0,64.0,69.0,27,14,30:15,29:45,155.0,128.0,155,128,1,0,56.0,93.0,36.0,15.0,0.0,0.0,sr:competitor:4388,sr:competitor:4393,sr:competitor:4388,sr:competitor:4393,267.0,283.0,2.0,4.0,2,3,away
0,1,0,1,0,DEN,STL,7.0,9.3,1.0,0.0,ce92bd47-93d5-4fe9-ada4-0fc681e6caa0,39f349de-6463-4803-ad70-f1e0f144f5ed,2,1,0.0,0.0,Denver,St. Louis,Broncos,Rams,5.0,5.0,27.0,56.0,61.0,55.0,36,41,32:13,27:47,136.0,154.0,136,154,1,1,33.0,86.0,28.0,18.0,0.0,0.0,sr:competitor:4418,,sr:competitor:4418,,424.0,513.0,0.0,3.0,2,2,home
0,1,0,1,0,BAL,CIN,5.7,3.1,0.0,2.0,ebd87119-b331-4469-9ea6-d51fe3ce2f1c,ad4ae08f-d808-42d5-a1e6-e9bc4e34d123,2,1,0.0,1.0,Baltimore,Cincinnati,Ravens,Bengals,6.0,6.0,50.0,40.0,66.0,56.0,27,7,33:13,26:47,129.0,133.0,129,133,2,3,28.0,43.0,31.0,26.0,0.0,0.0,sr:competitor:4413,sr:competitor:4416,sr:competitor:4413,sr:competitor:4416,378.0,174.0,0.0,1.0,1,0,away
0,1,0,1,0,MIA,DET,5.2,4.8,1.0,2.0,4809ecb0-abd3-451d-9c4a-92a90b83ca06,c5a59daa-53a7-4de0-851f-fb12be893e9e,2,1,0.0,2.0,Miami,Detroit,Dolphins,Lions,7.0,5.0,62.0,40.0,56.0,53.0,23,8,33:45,26:15,142.0,137.0,142,137,1,0,60.0,15.0,37.0,22.0,0.0,0.0,sr:competitor:4287,sr:competitor:4419,sr:competitor:4287,sr:competitor:4419,293.0,253.0,0.0,3.0,2,3,away
0,1,0,1,0,SD,SEA,5.6,2.8,3.0,0.0,9dbb9060-ba0f-4920-829e-16d4d9246b5d,3d08af9e-c767-4f88-a7dc-b920c6d2b4a8,2,1,2.0,0.0,San Diego,Seattle,Chargers,Seahawks,9.0,5.0,53.0,34.0,71.0,45.0,15,17,39:51,20:09,151.0,152.0,151,152,0,1,5.0,8.0,33.0,25.0,0.0,0.0,,sr:competitor:4430,,sr:competitor:4430,398.0,128.0,3.0,1.0,3,2,home
0,1,0,1,0,BUF,NE,4.6,3.0,2.0,1.0,768c92aa-75ff-4a43-bcc0-f2798c2e1724,97354895-8c77-4fd4-a860-32e62ea7382a,2,1,1.0,0.0,Buffalo,New England,Bills,Patriots,7.0,8.0,73.0,103.0,69.0,64.0,16,13,31:54,32:38,130.0,144.0,130,144,1,1,15.0,64.0,31.0,34.0,0.0,0.0,sr:competitor:4376,sr:competitor:4424,sr:competitor:4376,sr:competitor:4424,315.0,189.0,1.0,2.0,1,1,away
0,1,0,1,0,NYG,CLE,4.8,3.9,2.0,0.0,04aa1c9d-66da-489d-b16a-1dee3f2eec4d,d5a2eb42-8065-4174-ab79-0a6fa820e35e,2,1,1.0,0.0,New York,Cleveland,Giants,Browns,3.0,4.0,28.0,55.0,77.0,49.0,24,3,36:40,23:20,146.0,134.0,146,134,3,3,36.0,12.0,44.0,16.0,0.0,0.0,sr:competitor:4426,sr:competitor:4417,sr:competitor:4426,sr:competitor:4417,370.0,193.0,1.0,1.0,0,0,away
0,1,0,1,0,SF,NO,6.2,5.2,1.0,0.0,f0e724b0-4cbf-495a-be47-013907608da9,0d855753-ea21-4953-89f9-0e20aff9eb73,2,1,0.0,0.0,San Francisco,New Orleans,49ers,Saints,14.0,10.0,97.0,54.0,56.0,69.0,15,31,23:10,36:50,153.0,145.0,153,145,0,1,1.0,6.0,20.0,38.0,0.0,0.0,sr:competitor:4389,sr:competitor:4425,sr:competitor:4389,sr:competitor:4425,346.0,360.0,2.0,0.0,3,2,home
0,1,0,1,0,PIT,TEN,3.8,5.1,4.0,1.0,cb2f9f1f-ac67-424e-9e72-1475cb0ed398,d26a1ca5-722d-4274-8f97-c92e49c96315,2,1,2.0,0.0,Pittsburgh,Tennessee,Steelers,Titans,4.0,14.0,25.0,115.0,44.0,72.0,7,9,20:30,39:30,150.0,156.0,150,156,0,0,1.0,26.0,20.0,40.0,0.0,0.0,sr:competitor:4345,sr:competitor:367364,sr:competitor:4345,sr:competitor:367364,167.0,364.0,3.0,1.0,3,3,home
0,1,0,1,0,KC,OAK,7.8,6.5,1.0,0.0,6680d28d-d4d2-49f6-aace-5292d3ec02c2,1c1cec48-6352-4556-b789-35304c1a6ae1,2,1,1.0,0.0,Kansas City,Oakland,Chiefs,Raiders,9.0,9.0,80.0,81.0,66.0,73.0,31,49,21:31,38:29,141.0,148.0,141,148,1,0,0.0,85.0,9.0,42.0,0.0,0.0,sr:competitor:4422,sr:competitor:4390,sr:competitor:4422,sr:competitor:4390,513.0,473.0,3.0,0.0,2,3,home
0,1,0,1,0,WAS,ARI,5.4,4.0,1.0,2.0,22052ff7-c065-42ee-bc8f-c4691c50e624,de760528-1dc0-416a-a978-b510d20692ff,2,1,1.0,1.0,Washington,Arizona,Redskins,Cardinals,8.0,8.0,59.0,74.0,78.0,44.0,15,16,37:26,22:34,157.0,127.0,157,127,0,3,32.0,26.0,37.0,24.0,0.0,0.0,sr:competitor:4432,sr:competitor:4412,sr:competitor:4432,sr:competitor:4412,422.0,178.0,3.0,2.0,3,0,home
0,1,0,1,0,IND,CHI,6.1,5.2,1.0,0.0,82cf9565-6eb9-4f01-bdbd-5aa0d472fcd9,7b112545-38e6-483c-a55c-96cf6ee49cb8,2,1,1.0,0.0,Indianapolis,Chicago,Colts,Bears,7.0,8.0,81.0,58.0,61.0,71.0,24,27,24:37,35:23,139.0,132.0,139,132,0,3,0.0,53.0,20.0,35.0,0.0,0.0,sr:competitor:4421,sr:competitor:4391,sr:competitor:4421,sr:competitor:4391,371.0,370.0,2.0,0.0,3,0,home
0,1,0,1,0,CHI,MIN,6.3,6.9,2.0,2.0,7b112545-38e6-483c-a55c-96cf6ee49cb8,33405046-04ee-4058-a950-d606f8c30852,2,1,1.0,0.0,Chicago,Minnesota,Bears,Vikings,5.0,4.0,45.0,20.0,68.0,54.0,27,30,32:34,27:26,132.0,143.0,132,143,0,2,14.0,0.0,25.0,30.0,0.0,0.0,sr:competitor:4391,sr:competitor:4423,sr:competitor:4391,sr:competitor:4423,425.0,374.0,1.0,1.0,3,1,home
0,1,0,1,0,DEN,NYJ,6.0,6.5,0.0,1.0,ce92bd47-93d5-4fe9-ada4-0fc681e6caa0,5fee86ae-74ab-4bdd-8416-42a9dd9964f3,2,1,0.0,1.0,Denver,New York,Broncos,Jets,6.0,2.0,57.0,10.0,75.0,59.0,30,23,36:47,23:13,136.0,147.0,136,147,0,0,19.0,0.0,39.0,17.0,0.0,0.0,sr:competitor:4418,sr:competitor:4427,sr:competitor:4418,sr:competitor:4427,447.0,381.0,1.0,3.0,3,3,away
0,1,0,1,0,CAR,STL,5.0,6.8,1.0,3.0,f14bf5cc-9a82-4a38-bc15-d39f75ed5314,39f349de-6463-4803-ad70-f1e0f144f5ed,2,1,1.0,2.0,Carolina,St. Louis,Panthers,Rams,5.0,7.0,40.0,52.0,54.0,63.0,27,24,28:35,31:25,131.0,154.0,131,154,2,0,9.0,14.0,24.0,16.0,0.0,0.0,sr:competitor:4415,,sr:competitor:4415,,268.0,426.0,2.0,2.0,1,3,away
0,1,0,1,0,MIN,GB,5.7,4.7,1.0,0.0,33405046-04ee-4058-a950-d606f8c30852,a20471b4-a8d9-40c7-95ad-90cc30e46932,2,1,1.0,0.0,Minnesota,Green Bay,Vikings,Packers,11.0,8.0,129.0,63.0,71.0,64.0,20,26,35:53,27:46,143.0,138.0,143,138,2,2,15.0,51.0,33.0,26.0,0.0,0.0,sr:competitor:4423,sr:competitor:4420,sr:competitor:4423,sr:competitor:4420,407.0,298.0,5.0,0.0,0,0,home
0,1,0,1,0,STL,NYG,5.3,6.2,0.0,4.0,39f349de-6463-4803-ad70-f1e0f144f5ed,04aa1c9d-66da-489d-b16a-1dee3f2eec4d,2,1,0.0,1.0,St. Louis,New York,Rams,Giants,2.0,7.0,10.0,49.0,75.0,56.0,38,24,36:40,23:20,154.0,146.0,154,146,3,1,106.0,26.0,28.0,19.0,0.0,0.0,,sr:competitor:4426,,sr:competitor:4426,397.0,348.0,1.0,3.0,0,2,away
0,1,0,1,0,ARI,MIN,5.2,6.8,3.0,1.0,de760528-1dc0-416a-a978-b510d20692ff,33405046-04ee-4058-a950-d606f8c30852,2,1,2.0,1.0,Arizona,Minnesota,Cardinals,Vikings,8.0,4.0,65.0,35.0,48.0,68.0,14,31,25:52,34:08,127.0,143.0,127,143,0,2,13.0,5.0,18.0,32.0,0.0,0.0,sr:competitor:4412,sr:competitor:4423,sr:competitor:4412,sr:competitor:4423,249.0,460.0,2.0,2.0,3,1,home
0,1,0,1,0,NE,CLE,4.7,3.7,3.0,0.0,97354895-8c77-4fd4-a860-32e62ea7382a,d5a2eb42-8065-4174-ab79-0a6fa820e35e,2,1,3.0,0.0,New England,Cleveland,Patriots,Browns,5.0,4.0,40.0,25.0,61.0,73.0,11,19,25:36,34:24,144.0,134.0,144,134,1,1,51.0,47.0,22.0,35.0,0.0,0.0,sr:competitor:4424,sr:competitor:4417,sr:competitor:4424,sr:competitor:4417,286.0,272.0,4.0,0.0,2,2,home
0,1,0,1,0,GB,TB,4.8,4.8,1.0,0.0,a20471b4-a8d9-40c7-95ad-90cc30e46932,4254d319-1bc7-4f81-b4ab-b5e6f3402b69,2,1,1.0,0.0,Green Bay,Tampa Bay,Packers,Buccaneers,4.0,6.0,35.0,37.0,63.0,57.0,15,20,27:57,32:03,138.0,155.0,138,155,0,3,45.0,16.0,19.0,30.0,0.0,0.0,sr:competitor:4420,sr:competitor:4388,sr:competitor:4420,sr:competitor:4388,302.0,272.0,1.0,1.0,3,0,home
0,1,0,1,0,KC,SF,5.1,6.2,1.0,0.0,6680d28d-d4d2-49f6-aace-5292d3ec02c2,f0e724b0-4cbf-495a-be47-013907608da9,2,1,0.0,0.0,Kansas City,San Francisco,Chiefs,49ers,7.0,6.0,50.0,53.0,58.0,63.0,7,21,23:50,36:10,141.0,153.0,141,153,0,3,13.0,38.0,15.0,37.0,0.0,0.0,sr:competitor:4422,sr:competitor:4389,sr:competitor:4422,sr:competitor:4389,294.0,389.0,1.0,0.0,3,0,home
0,1,0,1,0,ATL,DET,3.3,3.6,3.0,0.0,e6aa13a4-0055-48a9-bc41-be28dc106929,c5a59daa-53a7-4de0-851f-fb12be893e9e,2,1,0.0,0.0,Atlanta,Detroit,Falcons,Lions,10.0,9.0,82.0,70.0,66.0,62.0,10,13,30:32,29:28,128.0,137.0,128,137,0,0,35.0,25.0,29.0,33.0,0.0,0.0,sr:competitor:4393,sr:competitor:4419,sr:competitor:4393,sr:competitor:4419,218.0,222.0,2.0,1.0,3,3,home
0,1,0,1,0,BAL,TEN,5.2,5.6,5.0,3.0,ebd87119-b331-4469-9ea6-d51fe3ce2f1c,d26a1ca5-722d-4274-8f97-c92e49c96315,2,1,0.0,2.0,Baltimore,Tennessee,Ravens,Titans,8.0,8.0,72.0,64.0,70.0,51.0,24,23,34:14,25:46,129.0,156.0,129,156,0,0,34.0,101.0,29.0,16.0,0.0,0.0,sr:competitor:4413,sr:competitor:367364,sr:competitor:4413,sr:competitor:367364,361.0,286.0,1.0,2.0,3,4,away
0,1,0,1,0,JAC,CLE,5.1,5.7,1.0,1.0,f7ddd7fa-0bae-4f90-bc8e-669e4d6cf2de,d5a2eb42-8065-4174-ab79-0a6fa820e35e,2,1,0.0,1.0,Jacksonville,Cleveland,Jaguars,Browns,1.0,3.0,5.0,25.0,78.0,44.0,27,7,37:03,22:57,140.0,134.0,140,134,3,0,17.0,0.0,40.0,16.0,0.0,0.0,sr:competitor:4386,sr:competitor:4417,sr:competitor:4386,sr:competitor:4417,398.0,249.0,0.0,1.0,0,3,away
0,1,0,1,0,MIA,SD,4.0,3.6,0.0,3.0,4809ecb0-abd3-451d-9c4a-92a90b83ca06,9dbb9060-ba0f-4920-829e-16d4d9246b5d,2,1,0.0,0.0,Miami,San Diego,Dolphins,Chargers,8.0,8.0,60.0,88.0,61.0,66.0,17,7,32:46,27:14,142.0,151.0,142,151,3,0,80.0,8.0,41.0,16.0,0.0,0.0,sr:competitor:4287,,sr:competitor:4287,,244.0,238.0,0.0,4.0,0,4,away
0,1,0,1,0,OAK,DEN,5.5,5.2,2.0,2.0,1c1cec48-6352-4556-b789-35304c1a6ae1,ce92bd47-93d5-4fe9-ada4-0fc681e6caa0,2,1,1.0,1.0,Oakland,Denver,Raiders,Broncos,9.0,5.0,54.0,45.0,75.0,63.0,24,27,30:08,29:52,148.0,136.0,148,136,0,0,25.0,17.0,18.0,23.0,0.0,0.0,sr:competitor:4390,sr:competitor:4418,sr:competitor:4390,sr:competitor:4418,411.0,329.0,3.0,2.0,3,3,home
0,1,0,1,0,CHI,BUF,3.9,4.6,1.0,2.0,7b112545-38e6-483c-a55c-96cf6ee49cb8,768c92aa-75ff-4a43-bcc0-f2798c2e1724,2,1,1.0,0.0,Chicago,Buffalo,Bears,Bills,3.0,3.0,20.0,15.0,60.0,65.0,3,20,24:44,35:16,132.0,130.0,132,130,0,2,11.0,70.0,21.0,35.0,0.0,0.0,sr:competitor:4391,sr:competitor:4376,sr:competitor:4391,sr:competitor:4376,234.0,299.0,4.0,1.0,3,1,home
0,1,0,1,0,NO,CAR,5.8,4.6,4.0,4.0,0d855753-ea21-4953-89f9-0e20aff9eb73,f14bf5cc-9a82-4a38-bc15-d39f75ed5314,2,1,1.0,3.0,New Orleans,Carolina,Saints,Panthers,8.0,3.0,99.0,22.0,56.0,67.0,20,10,28:37,31:23,145.0,131.0,145,131,2,0,57.0,0.0,31.0,17.0,0.0,0.0,sr:competitor:4425,sr:competitor:4415,sr:competitor:4425,sr:competitor:4415,322.0,311.0,2.0,5.0,1,3,away
0,1,0,1,0,SEA,JAC,4.9,6.8,3.0,2.0,3d08af9e-c767-4f88-a7dc-b920c6d2b4a8,f7ddd7fa-0bae-4f90-bc8e-669e4d6cf2de,2,1,0.0,1.0,Seattle,Jacksonville,Seahawks,Jaguars,5.0,7.0,50.0,55.0,66.0,64.0,28,21,29:12,30:48,152.0,140.0,152,140,0,0,43.0,14.0,32.0,26.0,0.0,0.0,sr:competitor:4430,sr:competitor:4386,sr:competitor:4430,sr:competitor:4386,326.0,437.0,0.0,1.0,3,3,away
0,1,0,1,0,PHI,PIT,3.6,4.5,1.0,0.0,386bdbf9-9eea-4869-bb9a-274b0bc66e80,cb2f9f1f-ac67-424e-9e72-1475cb0ed398,2,1,1.0,0.0,Philadelphia,Pittsburgh,Eagles,Steelers,9.0,13.0,61.0,141.0,80.0,71.0,26,23,31:10,33:06,149.0,150.0,149,150,2,1,74.0,5.0,22.0,37.0,0.0,0.0,sr:competitor:4428,sr:competitor:4345,sr:competitor:4428,sr:competitor:4345,290.0,322.0,1.0,1.0,0,1,away
0,1,0,1,0,NYJ,IND,6.1,4.9,0.0,1.0,5fee86ae-74ab-4bdd-8416-42a9dd9964f3,82cf9565-6eb9-4f01-bdbd-5aa0d472fcd9,2,1,0.0,1.0,New York,Indianapolis,Jets,Colts,6.0,4.0,65.0,64.0,60.0,73.0,15,23,26:01,33:59,147.0,139.0,147,139,0,2,15.0,18.0,22.0,38.0,0.0,0.0,sr:competitor:4427,sr:competitor:4421,sr:competitor:4427,sr:competitor:4421,367.0,358.0,2.0,1.0,3,1,home
0,1,0,1,0,CIN,DAL,3.3,5.9,2.0,2.0,ad4ae08f-d808-42d5-a1e6-e9bc4e34d123,e627eec7-bbae-4fa4-8e73-8e1d6bc5c060,2,1,1.0,1.0,Cincinnati,Dallas,Bengals,Cowboys,7.0,13.0,94.0,100.0,60.0,69.0,6,23,24:35,35:25,133.0,135.0,133,135,2,3,0.0,18.0,32.0,32.0,0.0,0.0,sr:competitor:4416,sr:competitor:4392,sr:competitor:4416,sr:competitor:4392,195.0,405.0,2.0,1.0,1,0,home
0,1,0,1,0,CIN,NE,4.8,4.9,2.0,2.0,ad4ae08f-d808-42d5-a1e6-e9bc4e34d123,97354895-8c77-4fd4-a860-32e62ea7382a,2,1,1.0,0.0,Cincinnati,New England,Bengals,Patriots,8.0,9.0,75.0,69.0,76.0,59.0,13,16,32:28,27:32,133.0,144.0,133,144,0,1,10.0,13.0,37.0,22.0,0.0,0.0,sr:competitor:4416,sr:competitor:4424,sr:competitor:4416,sr:competitor:4424,365.0,291.0,2.0,1.0,3,2,home
0,1,0,1,0,CLE,TEN,3.0,5.0,0.0,3.0,d5a2eb42-8065-4174-ab79-0a6fa820e35e,d26a1ca5-722d-4274-8f97-c92e49c96315,2,1,0.0,3.0,Cleveland,Tennessee,Browns,Titans,7.0,5.0,61.0,45.0,42.0,75.0,10,24,21:41,38:19,134.0,156.0,134,156,0,2,53.0,134.0,18.0,47.0,0.0,0.0,sr:competitor:4417,sr:competitor:367364,sr:competitor:4417,sr:competitor:367364,125.0,374.0,1.0,7.0,3,1,home
0,1,0,1,0,STL,SEA,6.8,5.8,2.0,1.0,39f349de-6463-4803-ad70-f1e0f144f5ed,3d08af9e-c767-4f88-a7dc-b920c6d2b4a8,2,1,0.0,1.0,St. Louis,Seattle,Rams,Seahawks,4.0,1.0,16.0,10.0,70.0,58.0,37,34,33:33,26:27,154.0,152.0,154,152,0,3,9.0,97.0,22.0,24.0,0.0,0.0,,sr:competitor:4430,,sr:competitor:4430,476.0,338.0,1.0,3.0,3,0,away
0,1,0,1,0,SD,DEN,6.8,6.5,5.0,1.0,9dbb9060-ba0f-4920-829e-16d4d9246b5d,ce92bd47-93d5-4fe9-ada4-0fc681e6caa0,2,1,2.0,1.0,San Diego,Denver,Chargers,Broncos,9.0,7.0,62.0,63.0,57.0,83.0,37,38,26:34,33:26,151.0,136.0,151,136,0,1,106.0,27.0,27.0,22.0,0.0,0.0,,sr:competitor:4418,,sr:competitor:4418,385.0,536.0,3.0,5.0,3,2,home
0,1,0,1,0,CAR,MIN,4.4,8.0,1.0,4.0,f14bf5cc-9a82-4a38-bc15-d39f75ed5314,33405046-04ee-4058-a950-d606f8c30852,2,1,1.0,2.0,Carolina,Minnesota,Panthers,Vikings,5.0,8.0,30.0,53.0,75.0,56.0,17,31,33:09,26:51,131.0,143.0,131,143,0,1,27.0,37.0,26.0,26.0,0.0,0.0,sr:competitor:4415,sr:competitor:4423,sr:competitor:4415,sr:competitor:4423,330.0,446.0,3.0,2.0,3,2,home
0,1,0,1,0,OAK,NO,4.7,5.6,1.0,1.0,1c1cec48-6352-4556-b789-35304c1a6ae1,0d855753-ea21-4953-89f9-0e20aff9eb73,2,1,1.0,0.0,Oakland,New Orleans,Raiders,Saints,5.0,12.0,32.0,93.0,62.0,60.0,31,22,32:23,27:37,148.0,145.0,148,145,3,0,36.0,51.0,36.0,30.0,0.0,0.0,sr:competitor:4390,sr:competitor:4425,sr:competitor:4390,sr:competitor:4425,293.0,333.0,1.0,1.0,0,3,away
0,1,0,1,0,WAS,STL,5.9,6.8,1.0,2.0,22052ff7-c065-42ee-bc8f-c4691c50e624,39f349de-6463-4803-ad70-f1e0f144f5ed,2,1,0.0,2.0,Washington,St. Louis,Redskins,Rams,9.0,8.0,67.0,52.0,68.0,58.0,33,20,32:37,27:23,157.0,154.0,157,154,0,0,82.0,30.0,32.0,14.0,1.0,0.0,sr:competitor:4432,,sr:competitor:4432,,400.0,394.0,1.0,3.0,3,3,away
0,1,0,1,0,JAC,PIT,6.0,5.4,1.0,3.0,f7ddd7fa-0bae-4f90-bc8e-669e4d6cf2de,cb2f9f1f-ac67-424e-9e72-1475cb0ed398,2,1,1.0,3.0,Jacksonville,Pittsburgh,Jaguars,Steelers,8.0,4.0,55.0,30.0,70.0,56.0,34,24,34:20,25:40,140.0,150.0,140,150,2,0,12.0,36.0,36.0,24.0,0.0,0.0,sr:competitor:4386,sr:competitor:4345,sr:competitor:4386,sr:competitor:4345,417.0,302.0,2.0,5.0,1,3,away
0,1,0,1,0,ATL,SF,3.7,5.3,1.0,1.0,e6aa13a4-0055-48a9-bc41-be28dc106929,f0e724b0-4cbf-495a-be47-013907608da9,2,1,0.0,1.0,Atlanta,San Francisco,Falcons,49ers,6.0,9.0,40.0,85.0,57.0,63.0,6,16,27:35,32:25,128.0,153.0,128,153,0,2,26.0,70.0,20.0,32.0,0.0,0.0,sr:competitor:4393,sr:competitor:4389,sr:competitor:4393,sr:competitor:4389,211.0,337.0,1.0,1.0,3,1,home
0,1,0,1,0,ARI,PHI,4.0,5.0,0.0,2.0,de760528-1dc0-416a-a978-b510d20692ff,386bdbf9-9eea-4869-bb9a-274b0bc66e80,2,1,0.0,1.0,Arizona,Philadelphia,Cardinals,Eagles,9.0,5.0,114.0,35.0,53.0,68.0,9,34,25:11,34:49,127.0,149.0,127,149,0,3,41.0,41.0,17.0,31.0,0.0,0.0,sr:competitor:4412,sr:competitor:4428,sr:competitor:4412,sr:competitor:4428,210.0,338.0,1.0,2.0,3,0,home
0,1,0,1,0,BUF,KC,4.5,5.3,0.0,2.0,768c92aa-75ff-4a43-bcc0-f2798c2e1724,6680d28d-d4d2-49f6-aace-5292d3ec02c2,2,1,0.0,1.0,Buffalo,Kansas City,Bills,Chiefs,6.0,7.0,45.0,57.0,67.0,72.0,21,17,31:20,28:40,130.0,141.0,130,141,2,0,17.0,42.0,26.0,19.0,0.0,0.0,sr:competitor:4376,sr:competitor:4422,sr:competitor:4376,sr:competitor:4422,299.0,378.0,0.0,2.0,1,3,away
0,1,0,1,0,DET,NYG,4.6,5.3,2.0,3.0,c5a59daa-53a7-4de0-851f-fb12be893e9e,04aa1c9d-66da-489d-b16a-1dee3f2eec4d,2,1,1.0,3.0,Detroit,New York,Lions,Giants,6.0,10.0,55.0,103.0,68.0,70.0,31,21,33:53,26:07,137.0,146.0,137,146,0,0,94.0,37.0,35.0,15.0,0.0,0.0,sr:competitor:4419,sr:competitor:4426,sr:competitor:4419,sr:competitor:4426,314.0,373.0,2.0,4.0,3,3,away
0,1,0,1,0,NYJ,MIA,3.8,3.7,1.0,1.0,5fee86ae-74ab-4bdd-8416-42a9dd9964f3,4809ecb0-abd3-451d-9c4a-92a90b83ca06,2,1,0.0,1.0,New York,Miami,Jets,Dolphins,4.0,10.0,29.0,88.0,63.0,54.0,20,3,31:58,28:02,147.0,142.0,147,142,3,1,1.0,30.0,32.0,22.0,0.0,0.0,sr:competitor:4427,sr:competitor:4287,sr:competitor:4427,sr:competitor:4287,239.0,200.0,2.0,4.0,0,2,away
0,1,0,1,0,CHI,TB,2.9,5.3,3.0,0.0,7b112545-38e6-483c-a55c-96cf6ee49cb8,4254d319-1bc7-4f81-b4ab-b5e6f3402b69,2,1,2.0,0.0,Chicago,Tampa Bay,Bears,Buccaneers,9.0,3.0,64.0,20.0,56.0,62.0,0,41,26:24,33:36,132.0,155.0,132,155,3,2,23.0,36.0,22.0,36.0,0.0,0.0,sr:competitor:4391,sr:competitor:4388,sr:competitor:4391,sr:competitor:4388,165.0,327.0,4.0,0.0,0,1,home
0,1,0,1,0,DAL,BAL,4.0,6.8,1.0,0.0,e627eec7-bbae-4fa4-8e73-8e1d6bc5c060,ebd87119-b331-4469-9ea6-d51fe3ce2f1c,2,1,0.0,0.0,Dallas,Baltimore,Cowboys,Ravens,3.0,6.0,15.0,55.0,48.0,70.0,0,27,21:38,38:22,135.0,129.0,135,129,3,2,16.0,66.0,14.0,44.0,0.0,0.0,sr:competitor:4392,sr:competitor:4413,sr:competitor:4392,sr:competitor:4413,192.0,479.0,3.0,2.0,0,1,home
0,1,0,1,0,IND,GB,5.2,6.4,2.0,0.0,82cf9565-6eb9-4f01-bdbd-5aa0d472fcd9,a20471b4-a8d9-40c7-95ad-90cc30e46932,2,1,1.0,0.0,Indianapolis,Green Bay,Colts,Packers,5.0,7.0,69.0,46.0,65.0,67.0,24,26,25:51,34:09,139.0,138.0,139,138,1,2,-1.0,5.0,17.0,28.0,0.0,1.0,sr:competitor:4421,sr:competitor:4420,sr:competitor:4421,sr:competitor:4420,338.0,432.0,2.0,1.0,2,1,home
0,1,0,1,0,TB,CHI,4.0,3.9,1.0,0.0,4254d319-1bc7-4f81-b4ab-b5e6f3402b69,7b112545-38e6-483c-a55c-96cf6ee49cb8,2,1,1.0,0.0,Tampa Bay,Chicago,Buccaneers,Bears,1.0,4.0,8.0,25.0,56.0,63.0,10,13,29:52,30:08,155.0,132.0,155,132,0,3,6.0,57.0,33.0,28.0,0.0,0.0,sr:competitor:4388,sr:competitor:4391,sr:competitor:4388,sr:competitor:4391,225.0,243.0,3.0,1.0,3,0,home
0,1,0,1,0,NYG,ARI,5.2,4.4,2.0,3.0,04aa1c9d-66da-489d-b16a-1dee3f2eec4d,de760528-1dc0-416a-a978-b510d20692ff,2,1,1.0,3.0,New York,Arizona,Giants,Cardinals,4.0,12.0,45.0,99.0,71.0,61.0,31,7,34:43,25:17,146.0,127.0,146,127,3,1,6.0,9.0,40.0,16.0,0.0,0.0,sr:competitor:4426,sr:competitor:4412,sr:competitor:4426,sr:competitor:4412,371.0,267.0,1.0,4.0,0,2,away
0,1,0,1,0,CHI,NYJ,3.8,4.1,4.0,0.0,7b112545-38e6-483c-a55c-96cf6ee49cb8,5fee86ae-74ab-4bdd-8416-42a9dd9964f3,2,1,3.0,0.0,Chicago,New York,Bears,Jets,5.0,4.0,29.0,35.0,62.0,67.0,10,17,24:59,35:01,132.0,147.0,132,147,0,3,66.0,2.0,30.0,32.0,0.0,0.0,sr:competitor:4391,sr:competitor:4427,sr:competitor:4391,sr:competitor:4427,233.0,277.0,3.0,1.0,3,0,home
0,1,0,1,0,PIT,CIN,5.8,4.8,0.0,8.0,cb2f9f1f-ac67-424e-9e72-1475cb0ed398,ad4ae08f-d808-42d5-a1e6-e9bc4e34d123,2,1,0.0,3.0,Pittsburgh,Cincinnati,Steelers,Bengals,4.0,3.0,35.0,15.0,64.0,65.0,48,28,30:49,29:11,150.0,133.0,150,133,3,1,5.0,0.0,38.0,41.0,0.0,0.0,sr:competitor:4345,sr:competitor:4416,sr:competitor:4345,sr:competitor:4416,372.0,309.0,0.0,3.0,0,2,away
0,1,0,1,0,ATL,OAK,3.8,7.9,2.0,3.0,e6aa13a4-0055-48a9-bc41-be28dc106929,1c1cec48-6352-4556-b789-35304c1a6ae1,2,1,1.0,1.0,Atlanta,Oakland,Falcons,Raiders,10.0,12.0,55.0,108.0,48.0,62.0,14,41,24:53,35:07,128.0,148.0,128,148,2,3,0.0,18.0,13.0,38.0,0.0,0.0,sr:competitor:4393,sr:competitor:4390,sr:competitor:4393,sr:competitor:4390,181.0,492.0,2.0,1.0,1,0,home
0,1,0,1,0,NE,DET,3.8,5.4,0.0,4.0,97354895-8c77-4fd4-a860-32e62ea7382a,c5a59daa-53a7-4de0-851f-fb12be893e9e,2,1,0.0,1.0,New England,Detroit,Patriots,Lions,9.0,10.0,81.0,99.0,57.0,55.0,9,34,30:27,29:33,144.0,137.0,144,137,1,1,2.0,135.0,20.0,28.0,0.0,0.0,sr:competitor:4424,sr:competitor:4419,sr:competitor:4424,sr:competitor:4419,215.0,299.0,2.0,1.0,2,2,home
0,1,0,1,0,PHI,WAS,4.7,5.2,2.0,3.0,386bdbf9-9eea-4869-bb9a-274b0bc66e80,22052ff7-c065-42ee-bc8f-c4691c50e624,2,1,1.0,2.0,Philadelphia,Washington,Eagles,Redskins,11.0,6.0,98.0,46.0,61.0,63.0,23,20,29:13,30:47,149.0,157.0,149,157,3,0,6.0,1.0,26.0,19.0,0.0,0.0,sr:competitor:4428,sr:competitor:4432,sr:competitor:4428,sr:competitor:4432,289.0,326.0,2.0,2.0,0,3,away
0,1,0,1,0,CLE,BAL,2.3,6.0,2.0,2.0,d5a2eb42-8065-4174-ab79-0a6fa820e35e,ebd87119-b331-4469-9ea6-d51fe3ce2f1c,2,1,2.0,1.0,Cleveland,Baltimore,Browns,Ravens,3.0,3.0,11.0,25.0,48.0,77.0,7,44,21:28,38:32,134.0,129.0,134,129,3,3,33.0,140.0,17.0,51.0,0.0,0.0,sr:competitor:4417,sr:competitor:4413,sr:competitor:4417,sr:competitor:4413,112.0,461.0,3.0,2.0,0,0,home
0,1,0,1,0,JAC,BAL,5.6,5.4,4.0,1.0,f7ddd7fa-0bae-4f90-bc8e-669e4d6cf2de,ebd87119-b331-4469-9ea6-d51fe3ce2f1c,2,1,2.0,0.0,Jacksonville,Baltimore,Jaguars,Ravens,10.0,8.0,60.0,65.0,75.0,61.0,36,39,31:23,28:37,140.0,129.0,140,129,0,1,62.0,32.0,21.0,18.0,0.0,0.0,sr:competitor:4386,sr:competitor:4413,sr:competitor:4386,sr:competitor:4413,421.0,331.0,4.0,2.0,3,2,home
0,1,0,1,0,TEN,JAC,5.9,6.0,1.0,0.0,d26a1ca5-722d-4274-8f97-c92e49c96315,f7ddd7fa-0bae-4f90-bc8e-669e4d6cf2de,2,1,0.0,0.0,Tennessee,Jacksonville,Titans,Jaguars,4.0,4.0,40.0,25.0,57.0,56.0,13,16,30:41,29:19,156.0,140.0,156,140,0,0,45.0,13.0,31.0,28.0,0.0,0.0,sr:competitor:367364,sr:competitor:4386,sr:competitor:367364,sr:competitor:4386,334.0,334.0,0.0,2.0,3,3,home
0,1,0,1,0,NO,STL,4.5,4.9,0.0,5.0,0d855753-ea21-4953-89f9-0e20aff9eb73,39f349de-6463-4803-ad70-f1e0f144f5ed,2,1,0.0,3.0,New Orleans,St. Louis,Saints,Rams,17.0,14.0,116.0,132.0,74.0,57.0,31,24,39:26,20:34,145.0,154.0,145,154,1,0,0.0,97.0,44.0,10.0,0.0,0.0,sr:competitor:4425,,sr:competitor:4425,,332.0,279.0,2.0,4.0,2,3,away
0,1,0,1,0,GB,CAR,4.8,5.1,3.0,2.0,a20471b4-a8d9-40c7-95ad-90cc30e46932,f14bf5cc-9a82-4a38-bc15-d39f75ed5314,2,1,2.0,1.0,Green Bay,Carolina,Packers,Panthers,6.0,2.0,55.0,25.0,68.0,70.0,14,31,28:03,31:57,138.0,131.0,138,131,0,0,71.0,44.0,14.0,31.0,0.0,0.0,sr:competitor:4420,sr:competitor:4415,sr:competitor:4420,sr:competitor:4415,326.0,356.0,5.0,2.0,3,3,home
0,1,0,1,0,MIN,DAL,7.1,6.0,1.0,1.0,33405046-04ee-4058-a950-d606f8c30852,e627eec7-bbae-4fa4-8e73-8e1d6bc5c060,2,1,0.0,1.0,Minnesota,Dallas,Vikings,Cowboys,4.0,5.0,21.0,45.0,51.0,67.0,27,15,28:09,31:51,143.0,135.0,143,135,2,1,35.0,20.0,27.0,24.0,0.0,0.0,sr:competitor:4423,sr:competitor:4392,sr:competitor:4423,sr:competitor:4392,360.0,404.0,0.0,2.0,1,2,away
0,1,0,1,0,BUF,TB,5.3,3.6,2.0,0.0,768c92aa-75ff-4a43-bcc0-f2798c2e1724,4254d319-1bc7-4f81-b4ab-b5e6f3402b69,2,1,2.0,0.0,Buffalo,Tampa Bay,Bills,Buccaneers,8.0,7.0,70.0,71.0,82.0,50.0,17,31,36:17,23:43,130.0,155.0,130,155,0,2,-3.0,95.0,27.0,25.0,0.0,0.0,sr:competitor:4376,sr:competitor:4388,sr:competitor:4376,sr:competitor:4388,433.0,180.0,2.0,0.0,3,1,home
0,1,0,1,0,KC,SD,2.4,3.5,1.0,3.0,6680d28d-d4d2-49f6-aace-5292d3ec02c2,9dbb9060-ba0f-4920-829e-16d4d9246b5d,2,1,0.0,3.0,Kansas City,San Diego,Chiefs,Chargers,11.0,5.0,90.0,43.0,67.0,58.0,16,17,31:03,28:57,141.0,151.0,141,151,0,1,94.0,52.0,31.0,22.0,0.0,0.0,sr:competitor:4422,,sr:competitor:4422,,161.0,201.0,1.0,5.0,3,2,home
0,1,0,1,0,MIA,IND,4.3,5.4,1.0,0.0,4809ecb0-abd3-451d-9c4a-92a90b83ca06,82cf9565-6eb9-4f01-bdbd-5aa0d472fcd9,2,1,0.0,0.0,Miami,Indianapolis,Dolphins,Colts,4.0,10.0,30.0,78.0,59.0,65.0,17,14,29:05,30:55,142.0,139.0,142,139,2,0,56.0,71.0,24.0,31.0,0.0,0.0,sr:competitor:4287,sr:competitor:4421,sr:competitor:4287,sr:competitor:4421,253.0,353.0,0.0,1.0,1,3,away
0,1,0,1,0,DEN,SEA,7.4,5.1,4.0,2.0,ce92bd47-93d5-4fe9-ada4-0fc681e6caa0,3d08af9e-c767-4f88-a7dc-b920c6d2b4a8,2,1,3.0,1.0,Denver,Seattle,Broncos,Seahawks,5.0,5.0,53.0,43.0,73.0,70.0,38,31,34:25,25:35,136.0,152.0,136,152,2,0,34.0,25.0,41.0,21.0,0.0,0.0,sr:competitor:4418,sr:competitor:4430,sr:competitor:4418,sr:competitor:4430,538.0,354.0,5.0,3.0,1,3,away
0,1,0,1,0,ARI,CIN,5.3,5.1,1.0,1.0,de760528-1dc0-416a-a978-b510d20692ff,ad4ae08f-d808-42d5-a1e6-e9bc4e34d123,2,1,1.0,0.0,Arizona,Cincinnati,Cardinals,Bengals,6.0,5.0,39.0,47.0,64.0,78.0,13,24,24:12,35:48,127.0,133.0,127,133,0,1,26.0,20.0,19.0,54.0,0.0,0.0,sr:competitor:4412,sr:competitor:4416,sr:competitor:4412,sr:competitor:4416,340.0,398.0,2.0,1.0,3,2,home
0,1,0,1,0,OAK,PIT,5.7,4.9,2.0,2.0,1c1cec48-6352-4556-b789-35304c1a6ae1,cb2f9f1f-ac67-424e-9e72-1475cb0ed398,2,1,2.0,0.0,Oakland,Pittsburgh,Raiders,Steelers,3.0,3.0,31.0,15.0,68.0,63.0,20,21,28:07,31:53,148.0,150.0,148,150,1,1,59.0,23.0,28.0,32.0,0.0,0.0,sr:competitor:4390,sr:competitor:4345,sr:competitor:4390,sr:competitor:4345,390.0,311.0,2.0,1.0,2,2,home
0,1,0,1,0,WAS,DET,5.6,4.3,1.0,0.0,22052ff7-c065-42ee-bc8f-c4691c50e624,c5a59daa-53a7-4de0-851f-fb12be893e9e,2,1,0.0,0.0,Washington,Detroit,Redskins,Lions,6.0,7.0,55.0,50.0,59.0,57.0,10,15,30:55,29:05,157.0,137.0,157,137,0,3,4.0,90.0,23.0,24.0,0.0,0.0,sr:competitor:4432,sr:competitor:4419,sr:competitor:4432,sr:competitor:4419,333.0,244.0,4.0,2.0,3,0,home
0,1,0,1,0,IND,NYJ,5.7,6.0,2.0,0.0,82cf9565-6eb9-4f01-bdbd-5aa0d472fcd9,5fee86ae-74ab-4bdd-8416-42a9dd9964f3,2,1,1.0,0.0,Indianapolis,New York,Colts,Jets,2.0,4.0,20.0,54.0,66.0,82.0,17,27,18:35,41:25,139.0,147.0,139,147,0,1,44.0,81.0,12.0,39.0,0.0,0.0,sr:competitor:4421,sr:competitor:4427,sr:competitor:4421,sr:competitor:4427,375.0,491.0,3.0,1.0,3,2,home
0,1,0,1,0,TEN,PHI,4.3,4.9,1.0,1.0,d26a1ca5-722d-4274-8f97-c92e49c96315,386bdbf9-9eea-4869-bb9a-274b0bc66e80,2,1,1.0,0.0,Tennessee,Philadelphia,Titans,Eagles,1.0,6.0,5.0,34.0,77.0,53.0,15,13,38:42,21:18,156.0,149.0,156,149,0,1,28.0,6.0,36.0,17.0,0.0,0.0,sr:competitor:367364,sr:competitor:4428,sr:competitor:367364,sr:competitor:4428,331.0,262.0,1.0,0.0,3,2,away
0,1,0,1,0,SF,SD,6.1,4.9,0.0,1.0,f0e724b0-4cbf-495a-be47-013907608da9,9dbb9060-ba0f-4920-829e-16d4d9246b5d,2,1,0.0,1.0,San Francisco,San Diego,49ers,Chargers,8.0,8.0,60.0,68.0,63.0,62.0,45,17,33:48,26:12,153.0,151.0,153,151,3,1,149.0,7.0,28.0,13.0,0.0,0.0,sr:competitor:4389,,sr:competitor:4389,,385.0,303.0,0.0,5.0,0,2,away
0,1,0,1,0,MIA,BUF,5.6,3.3,1.0,2.0,4809ecb0-abd3-451d-9c4a-92a90b83ca06,768c92aa-75ff-4a43-bcc0-f2798c2e1724,2,1,1.0,0.0,Miami,Buffalo,Dolphins,Bills,10.0,4.0,86.0,30.0,60.0,59.0,33,6,33:49,26:11,142.0,130.0,142,130,3,2,56.0,5.0,37.0,26.0,0.0,0.0,sr:competitor:4287,sr:competitor:4376,sr:competitor:4287,sr:competitor:4376,333.0,196.0,1.0,3.0,0,1,away
0,1,0,1,0,STL,CAR,5.1,3.4,4.0,0.0,39f349de-6463-4803-ad70-f1e0f144f5ed,f14bf5cc-9a82-4a38-bc15-d39f75ed5314,2,1,3.0,0.0,St. Louis,Carolina,Rams,Panthers,9.0,1.0,72.0,10.0,54.0,70.0,3,16,22:05,37:55,154.0,131.0,154,131,0,2,25.0,91.0,16.0,33.0,0.0,0.0,,sr:competitor:4415,,sr:competitor:4415,278.0,237.0,7.0,2.0,3,1,home
0,1,0,1,0,CLE,JAC,1.3,5.5,2.0,0.0,d5a2eb42-8065-4174-ab79-0a6fa820e35e,f7ddd7fa-0bae-4f90-bc8e-669e4d6cf2de,2,1,1.0,0.0,Cleveland,Jacksonville,Browns,Jaguars,9.0,9.0,85.0,59.0,42.0,82.0,0,48,22:49,37:11,134.0,140.0,134,140,3,3,18.0,70.0,18.0,47.0,0.0,0.0,sr:competitor:4417,sr:competitor:4386,sr:competitor:4417,sr:competitor:4386,53.0,449.0,1.0,0.0,0,0,home
0,1,0,1,0,NYG,WAS,4.7,4.7,2.0,1.0,04aa1c9d-66da-489d-b16a-1dee3f2eec4d,22052ff7-c065-42ee-bc8f-c4691c50e624,2,1,2.0,0.0,New York,Washington,Giants,Redskins,3.0,4.0,20.0,35.0,65.0,62.0,9,7,33:18,26:42,146.0,157.0,146,157,1,0,46.0,22.0,36.0,13.0,0.0,0.0,sr:competitor:4426,sr:competitor:4432,sr:competitor:4426,sr:competitor:4432,305.0,290.0,3.0,2.0,2,3,away
0,1,0,1,0,DET,MIN,5.3,5.4,1.0,0.0,c5a59daa-53a7-4de0-851f-fb12be893e9e,33405046-04ee-4058-a950-d606f8c30852,2,1,1.0,0.0,Detroit,Minnesota,Lions,Vikings,5.0,6.0,35.0,59.0,66.0,57.0,17,24,34:54,25:06,137.0,143.0,137,143,1,3,8.0,92.0,25.0,25.0,0.0,0.0,sr:competitor:4419,sr:competitor:4423,sr:competitor:4419,sr:competitor:4423,352.0,305.0,2.0,2.0,2,0,home
0,1,0,1,0,DEN,NO,7.3,7.4,1.0,2.0,ce92bd47-93d5-4fe9-ada4-0fc681e6caa0,0d855753-ea21-4953-89f9-0e20aff9eb73,2,1,0.0,1.0,Denver,New Orleans,Broncos,Saints,4.0,6.0,21.0,45.0,66.0,60.0,38,23,35:03,24:57,136.0,145.0,136,145,0,1,31.0,0.0,49.0,9.0,0.0,0.0,sr:competitor:4418,sr:competitor:4425,sr:competitor:4418,sr:competitor:4425,483.0,446.0,0.0,3.0,3,2,away
0,1,0,1,0,SEA,ATL,5.7,4.9,0.0,2.0,3d08af9e-c767-4f88-a7dc-b920c6d2b4a8,e6aa13a4-0055-48a9-bc41-be28dc106929,2,1,0.0,2.0,Seattle,Atlanta,Seahawks,Falcons,5.0,4.0,35.0,25.0,59.0,61.0,30,10,30:25,29:35,152.0,128.0,152,128,3,2,41.0,0.0,25.0,24.0,0.0,0.0,sr:competitor:4430,sr:competitor:4393,sr:competitor:4430,sr:competitor:4393,335.0,301.0,0.0,4.0,0,1,away
0,1,0,1,0,NE,NYJ,3.5,5.9,0.0,2.0,97354895-8c77-4fd4-a860-32e62ea7382a,5fee86ae-74ab-4bdd-8416-42a9dd9964f3,2,1,0.0,0.0,New England,New York,Patriots,Jets,3.0,6.0,8.0,69.0,83.0,56.0,19,20,38:00,22:00,144.0,147.0,144,147,1,0,117.0,5.0,34.0,17.0,0.0,0.0,sr:competitor:4424,sr:competitor:4427,sr:competitor:4424,sr:competitor:4427,293.0,330.0,0.0,1.0,2,3,home
0,1,0,1,0,TB,NE,4.7,4.2,2.0,2.0,4254d319-1bc7-4f81-b4ab-b5e6f3402b69,97354895-8c77-4fd4-a860-32e62ea7382a,2,1,1.0,1.0,Tampa Bay,New England,Buccaneers,Patriots,4.0,5.0,25.0,33.0,63.0,66.0,21,16,31:35,28:25,155.0,144.0,155,144,0,0,13.0,118.0,38.0,21.0,0.0,0.0,sr:competitor:4388,sr:competitor:4424,sr:competitor:4388,sr:competitor:4424,296.0,278.0,1.0,1.0,3,3,away
0,1,0,1,0,KC,NE,6.4,4.5,2.0,1.0,6680d28d-d4d2-49f6-aace-5292d3ec02c2,97354895-8c77-4fd4-a860-32e62ea7382a,2,1,2.0,1.0,Kansas City,New England,Chiefs,Patriots,7.0,5.0,40.0,65.0,65.0,82.0,24,30,23:18,36:42,141.0,144.0,141,144,0,0,32.0,90.0,19.0,31.0,0.0,0.0,sr:competitor:4422,sr:competitor:4424,sr:competitor:4422,sr:competitor:4424,418.0,368.0,3.0,1.0,3,3,home
0,1,0,1,0,GB,CHI,5.1,4.9,0.0,0.0,a20471b4-a8d9-40c7-95ad-90cc30e46932,7b112545-38e6-483c-a55c-96cf6ee49cb8,2,1,0.0,0.0,Green Bay,Chicago,Packers,Bears,5.0,5.0,42.0,41.0,60.0,68.0,28,6,30:13,29:47,138.0,132.0,138,132,3,0,42.0,7.0,28.0,23.0,0.0,0.0,sr:competitor:4420,sr:competitor:4391,sr:competitor:4420,sr:competitor:4391,304.0,330.0,0.0,2.0,0,3,away
0,1,0,1,0,DAL,TB,4.2,5.7,4.0,1.0,e627eec7-bbae-4fa4-8e73-8e1d6bc5c060,4254d319-1bc7-4f81-b4ab-b5e6f3402b69,2,1,3.0,1.0,Dallas,Tampa Bay,Cowboys,Buccaneers,7.0,6.0,58.0,35.0,63.0,53.0,7,27,30:17,29:43,135.0,155.0,135,155,2,3,7.0,23.0,28.0,36.0,0.0,0.0,sr:competitor:4392,sr:competitor:4388,sr:competitor:4392,sr:competitor:4388,266.0,301.0,4.0,1.0,1,0,home
0,1,0,1,0,DET,GB,4.6,4.7,2.0,3.0,c5a59daa-53a7-4de0-851f-fb12be893e9e,a20471b4-a8d9-40c7-95ad-90cc30e46932,2,1,2.0,1.0,Detroit,Green Bay,Lions,Packers,3.0,2.0,30.0,11.0,64.0,70.0,13,26,28:46,31:14,137.0,138.0,137,138,0,3,13.0,66.0,31.0,32.0,0.0,0.0,sr:competitor:4419,sr:competitor:4420,sr:competitor:4419,sr:competitor:4420,293.0,330.0,5.0,2.0,3,0,home
0,1,0,1,0,SEA,DEN,6.0,5.0,3.0,3.0,3d08af9e-c767-4f88-a7dc-b920c6d2b4a8,ce92bd47-93d5-4fe9-ada4-0fc681e6caa0,2,1,1.0,0.0,Seattle,Denver,Seahawks,Broncos,4.0,2.0,38.0,15.0,67.0,62.0,24,31,31:28,28:32,152.0,136.0,152,136,0,2,16.0,119.0,26.0,36.0,0.0,0.0,sr:competitor:4430,sr:competitor:4418,sr:competitor:4430,sr:competitor:4418,405.0,313.0,4.0,1.0,3,1,home
0,1,0,1,0,PIT,NYG,4.7,6.4,0.0,0.0,cb2f9f1f-ac67-424e-9e72-1475cb0ed398,04aa1c9d-66da-489d-b16a-1dee3f2eec4d,2,1,0.0,0.0,Pittsburgh,New York,Steelers,Giants,5.0,6.0,42.0,91.0,56.0,62.0,10,30,27:46,32:14,150.0,146.0,150,146,0,2,0.0,27.0,20.0,26.0,0.0,0.0,sr:competitor:4345,sr:competitor:4426,sr:competitor:4345,sr:competitor:4426,264.0,394.0,1.0,0.0,3,1,home
0,1,0,1,0,TB,MIA,3.9,4.5,1.0,1.0,4254d319-1bc7-4f81-b4ab-b5e6f3402b69,4809ecb0-abd3-451d-9c4a-92a90b83ca06,2,1,0.0,1.0,Tampa Bay,Miami,Buccaneers,Dolphins,7.0,6.0,63.0,46.0,57.0,56.0,16,13,31:50,28:10,155.0,142.0,155,142,0,1,46.0,9.0,38.0,27.0,0.0,0.0,sr:competitor:4388,sr:competitor:4287,sr:competitor:4388,sr:competitor:4287,221.0,254.0,1.0,5.0,3,2,away
0,1,0,1,0,CAR,KC,4.8,6.5,0.0,2.0,f14bf5cc-9a82-4a38-bc15-d39f75ed5314,6680d28d-d4d2-49f6-aace-5292d3ec02c2,2,1,0.0,2.0,Carolina,Kansas City,Panthers,Chiefs,5.0,5.0,47.0,35.0,53.0,70.0,14,15,27:54,32:06,131.0,141.0,131,141,0,0,17.0,20.0,16.0,26.0,0.0,0.0,sr:competitor:4415,sr:competitor:4422,sr:competitor:4415,sr:competitor:4422,257.0,453.0,1.0,4.0,3,3,home
0,1,0,1,0,PHI,CLE,7.0,5.5,2.0,6.0,386bdbf9-9eea-4869-bb9a-274b0bc66e80,d5a2eb42-8065-4174-ab79-0a6fa820e35e,2,1,2.0,1.0,Philadelphia,Cleveland,Eagles,Browns,4.0,6.0,21.0,55.0,56.0,76.0,35,24,25:43,34:17,149.0,134.0,149,134,3,0,48.0,13.0,15.0,30.0,0.0,0.0,sr:competitor:4428,sr:competitor:4417,sr:competitor:4428,sr:competitor:4417,391.0,418.0,2.0,4.0,0,3,away
0,1,0,1,0,NE,CHI,4.0,5.1,1.0,1.0,97354895-8c77-4fd4-a860-32e62ea7382a,7b112545-38e6-483c-a55c-96cf6ee49cb8,2,1,0.0,1.0,New England,Chicago,Patriots,Bears,7.0,3.0,60.0,35.0,61.0,67.0,17,24,22:50,37:10,144.0,132.0,144,132,0,3,14.0,37.0,12.0,39.0,0.0,0.0,sr:competitor:4424,sr:competitor:4391,sr:competitor:4424,sr:competitor:4391,245.0,339.0,0.0,1.0,3,0,home
0,1,0,1,0,NYG,PHI,5.6,4.9,1.0,0.0,04aa1c9d-66da-489d-b16a-1dee3f2eec4d,386bdbf9-9eea-4869-bb9a-274b0bc66e80,2,1,0.0,0.0,New York,Philadelphia,Giants,Eagles,4.0,5.0,35.0,40.0,69.0,48.0,33,18,38:44,21:16,146.0,149.0,146,149,2,0,34.0,0.0,39.0,12.0,0.0,0.0,sr:competitor:4426,sr:competitor:4428,sr:competitor:4426,sr:competitor:4428,387.0,237.0,0.0,0.0,1,3,away
0,1,0,1,0,WAS,DAL,4.5,5.8,2.0,1.0,22052ff7-c065-42ee-bc8f-c4691c50e624,e627eec7-bbae-4fa4-8e73-8e1d6bc5c060,2,1,1.0,0.0,Washington,Dallas,Redskins,Cowboys,11.0,6.0,121.0,35.0,60.0,54.0,13,32,29:00,31:00,157.0,135.0,157,135,0,2,11.0,79.0,22.0,43.0,0.0,0.0,sr:competitor:4432,sr:competitor:4392,sr:competitor:4432,sr:competitor:4392,270.0,314.0,2.0,0.0,3,1,home
0,1,0,1,0,NYJ,OAK,4.3,5.2,0.0,1.0,5fee86ae-74ab-4bdd-8416-42a9dd9964f3,1c1cec48-6352-4556-b789-35304c1a6ae1,2,1,0.0,0.0,New York,Oakland,Jets,Raiders,6.0,7.0,27.0,60.0,69.0,63.0,7,31,28:19,31:41,147.0,148.0,147,148,2,3,45.0,120.0,20.0,38.0,0.0,0.0,sr:competitor:4427,sr:competitor:4390,sr:competitor:4427,sr:competitor:4390,300.0,330.0,4.0,1.0,1,0,home
0,1,0,1,0,BUF,IND,4.5,4.1,1.0,2.0,768c92aa-75ff-4a43-bcc0-f2798c2e1724,82cf9565-6eb9-4f01-bdbd-5aa0d472fcd9,2,1,1.0,0.0,Buffalo,Indianapolis,Bills,Colts,10.0,7.0,106.0,67.0,65.0,58.0,20,44,31:52,28:08,130.0,139.0,130,139,0,3,12.0,79.0,22.0,32.0,0.0,0.0,sr:competitor:4376,sr:competitor:4421,sr:competitor:4376,sr:competitor:4421,294.0,237.0,3.0,0.0,3,0,home
0,1,0,1,0,SD,BAL,2.5,4.1,5.0,2.0,9dbb9060-ba0f-4920-829e-16d4d9246b5d,ebd87119-b331-4469-9ea6-d51fe3ce2f1c,2,1,4.0,1.0,San Diego,Baltimore,Chargers,Ravens,4.0,3.0,20.0,15.0,51.0,67.0,3,24,22:24,37:36,151.0,129.0,151,129,3,3,29.0,41.0,26.0,40.0,0.0,0.0,,sr:competitor:4413,,sr:competitor:4413,128.0,276.0,5.0,3.0,0,0,home
0,1,0,1,0,NO,SF,5.4,6.5,1.0,1.0,0d855753-ea21-4953-89f9-0e20aff9eb73,f0e724b0-4cbf-495a-be47-013907608da9,2,1,0.0,1.0,New Orleans,San Francisco,Saints,49ers,1.0,2.0,5.0,15.0,72.0,61.0,31,27,32:46,27:14,145.0,153.0,145,153,3,2,33.0,30.0,38.0,21.0,0.0,0.0,sr:competitor:4425,sr:competitor:4389,sr:competitor:4425,sr:competitor:4389,388.0,398.0,0.0,3.0,0,1,away
0,1,0,1,0,MIN,STL,5.6,7.7,1.0,0.0,33405046-04ee-4058-a950-d606f8c30852,39f349de-6463-4803-ad70-f1e0f144f5ed,2,1,0.0,0.0,Minnesota,St. Louis,Vikings,Rams,7.0,7.0,60.0,43.0,56.0,66.0,29,40,25:36,34:24,143.0,154.0,143,154,0,1,0.0,61.0,19.0,34.0,0.0,0.0,sr:competitor:4423,,sr:competitor:4423,,312.0,508.0,0.0,0.0,3,2,home
0,1,0,1,0,ARI,JAC,3.9,7.1,0.0,0.0,de760528-1dc0-416a-a978-b510d20692ff,f7ddd7fa-0bae-4f90-bc8e-669e4d6cf2de,2,1,0.0,0.0,Arizona,Jacksonville,Cardinals,Jaguars,4.0,2.0,53.0,15.0,49.0,66.0,10,44,25:04,34:56,127.0,140.0,127,140,3,3,11.0,45.0,19.0,45.0,0.0,0.0,sr:competitor:4412,sr:competitor:4386,sr:competitor:4412,sr:competitor:4386,189.0,469.0,1.0,0.0,0,0,home
0,1,0,1,0,CIN,TEN,3.1,6.2,0.0,4.0,ad4ae08f-d808-42d5-a1e6-e9bc4e34d123,d26a1ca5-722d-4274-8f97-c92e49c96315,2,1,0.0,1.0,Cincinnati,Tennessee,Bengals,Titans,4.0,7.0,34.0,39.0,55.0,71.0,3,35,25:12,34:48,133.0,156.0,133,156,3,3,15.0,23.0,25.0,36.0,0.0,0.0,sr:competitor:4416,sr:competitor:367364,sr:competitor:4416,sr:competitor:367364,171.0,443.0,0.0,1.0,0,0,home
0,1,0,1,0,NE,BUF,4.4,4.8,5.0,4.0,97354895-8c77-4fd4-a860-32e62ea7382a,768c92aa-75ff-4a43-bcc0-f2798c2e1724,2,1,0.0,1.0,New England,Buffalo,Patriots,Bills,9.0,6.0,75.0,54.0,75.0,72.0,13,10,39:38,35:03,144.0,130.0,144,130,1,1,33.0,10.0,48.0,40.0,0.0,0.0,sr:competitor:4424,sr:competitor:4376,sr:competitor:4424,sr:competitor:4376,331.0,347.0,0.0,1.0,1,1,away
0,1,0,1,0,DET,NYJ,4.3,4.4,2.0,2.0,c5a59daa-53a7-4de0-851f-fb12be893e9e,5fee86ae-74ab-4bdd-8416-42a9dd9964f3,2,1,0.0,1.0,Detroit,New York,Lions,Jets,4.0,7.0,25.0,45.0,67.0,55.0,10,7,34:18,25:42,137.0,147.0,137,147,3,0,15.0,64.0,44.0,18.0,0.0,0.0,sr:competitor:4419,sr:competitor:4427,sr:competitor:4419,sr:competitor:4427,288.0,240.0,1.0,2.0,0,3,away
0,1,0,1,0,DAL,ARI,5.8,5.5,2.0,4.0,e627eec7-bbae-4fa4-8e73-8e1d6bc5c060,de760528-1dc0-416a-a978-b510d20692ff,2,1,2.0,1.0,Dallas,Arizona,Cowboys,Cardinals,5.0,2.0,102.0,15.0,57.0,59.0,31,32,28:40,31:20,135.0,127.0,135,127,0,1,65.0,7.0,22.0,33.0,0.0,0.0,sr:competitor:4392,sr:competitor:4412,sr:competitor:4392,sr:competitor:4412,330.0,322.0,2.0,1.0,3,2,home
0,1,0,1,0,STL,TB,6.8,6.2,0.0,0.0,39f349de-6463-4803-ad70-f1e0f144f5ed,4254d319-1bc7-4f81-b4ab-b5e6f3402b69,2,1,0.0,0.0,St. Louis,Tampa Bay,Rams,Buccaneers,2.0,5.0,20.0,40.0,57.0,72.0,35,38,28:31,31:29,154.0,155.0,154,155,1,0,8.0,17.0,23.0,32.0,0.0,0.0,,sr:competitor:4388,,sr:competitor:4388,388.0,446.0,3.0,2.0,2,3,home
0,1,0,1,0,IND,MIA,5.1,4.9,2.0,2.0,82cf9565-6eb9-4f01-bdbd-5aa0d472fcd9,4809ecb0-abd3-451d-9c4a-92a90b83ca06,2,1,2.0,2.0,Indianapolis,Miami,Colts,Dolphins,4.0,8.0,35.0,45.0,64.0,56.0,20,13,33:50,26:10,139.0,142.0,139,142,1,0,7.0,2.0,35.0,26.0,0.0,0.0,sr:competitor:4421,sr:competitor:4287,sr:competitor:4421,sr:competitor:4287,327.0,272.0,2.0,3.0,2,3,away
0,1,0,1,0,OAK,SEA,6.0,4.9,1.0,5.0,1c1cec48-6352-4556-b789-35304c1a6ae1,3d08af9e-c767-4f88-a7dc-b920c6d2b4a8,2,1,0.0,1.0,Oakland,Seattle,Raiders,Seahawks,7.0,5.0,45.0,55.0,60.0,66.0,24,27,31:06,28:54,148.0,152.0,148,152,2,1,15.0,52.0,42.0,31.0,0.0,1.0,sr:competitor:4390,sr:competitor:4430,sr:competitor:4390,sr:competitor:4430,361.0,326.0,3.0,2.0,1,2,home
0,1,0,1,0,TEN,CLE,4.4,2.3,1.0,4.0,d26a1ca5-722d-4274-8f97-c92e49c96315,d5a2eb42-8065-4174-ab79-0a6fa820e35e,2,1,0.0,2.0,Tennessee,Cleveland,Titans,Browns,3.0,7.0,25.0,66.0,69.0,49.0,24,0,38:53,21:07,156.0,134.0,156,134,2,2,24.0,5.0,47.0,17.0,0.0,0.0,sr:competitor:367364,sr:competitor:4417,sr:competitor:367364,sr:competitor:4417,305.0,113.0,1.0,2.0,1,1,away
0,1,0,1,0,WAS,PIT,4.8,5.6,3.0,4.0,22052ff7-c065-42ee-bc8f-c4691c50e624,cb2f9f1f-ac67-424e-9e72-1475cb0ed398,2,1,3.0,1.0,Washington,Pittsburgh,Redskins,Steelers,7.0,6.0,70.0,40.0,56.0,67.0,3,24,24:53,35:07,157.0,150.0,157,150,1,2,7.0,56.0,21.0,45.0,0.0,0.0,sr:competitor:4432,sr:competitor:4345,sr:competitor:4432,sr:competitor:4345,271.0,374.0,5.0,1.0,2,1,home
0,1,0,1,0,SD,CAR,4.6,2.9,3.0,1.0,9dbb9060-ba0f-4920-829e-16d4d9246b5d,f14bf5cc-9a82-4a38-bc15-d39f75ed5314,2,1,1.0,0.0,San Diego,Carolina,Chargers,Panthers,10.0,7.0,95.0,45.0,78.0,58.0,22,30,35:12,24:48,151.0,131.0,151,131,1,2,39.0,93.0,34.0,15.0,1.0,0.0,,sr:competitor:4415,,sr:competitor:4415,358.0,169.0,2.0,1.0,2,1,home
0,1,0,1,0,JAC,CIN,4.4,5.0,3.0,3.0,f7ddd7fa-0bae-4f90-bc8e-669e4d6cf2de,ad4ae08f-d808-42d5-a1e6-e9bc4e34d123,2,1,1.0,3.0,Jacksonville,Cincinnati,Jaguars,Bengals,6.0,6.0,47.0,40.0,63.0,53.0,14,17,37:15,22:45,140.0,133.0,140,133,1,0,20.0,87.0,34.0,27.0,0.0,0.0,sr:competitor:4386,sr:competitor:4416,sr:competitor:4386,sr:competitor:4416,276.0,263.0,1.0,4.0,2,3,home
0,1,0,1,0,BAL,ARI,3.4,4.5,3.0,3.0,ebd87119-b331-4469-9ea6-d51fe3ce2f1c,de760528-1dc0-416a-a978-b510d20692ff,2,1,1.0,2.0,Baltimore,Arizona,Ravens,Cardinals,6.0,3.0,64.0,15.0,63.0,68.0,13,7,31:57,28:03,129.0,127.0,129,127,3,2,134.0,34.0,37.0,23.0,0.0,0.0,sr:competitor:4413,sr:competitor:4412,sr:competitor:4413,sr:competitor:4412,214.0,309.0,2.0,4.0,0,1,away
0,1,0,1,0,GB,MIN,6.2,7.1,2.0,2.0,a20471b4-a8d9-40c7-95ad-90cc30e46932,33405046-04ee-4058-a950-d606f8c30852,2,1,0.0,1.0,Green Bay,Minnesota,Packers,Vikings,3.0,8.0,25.0,67.0,70.0,56.0,33,28,35:41,24:19,138.0,143.0,138,143,2,0,60.0,0.0,31.0,17.0,0.0,0.0,sr:competitor:4420,sr:competitor:4423,sr:competitor:4420,sr:competitor:4423,434.0,400.0,0.0,2.0,1,3,away
0,1,0,1,0,CHI,SF,2.1,6.0,0.0,4.0,7b112545-38e6-483c-a55c-96cf6ee49cb8,f0e724b0-4cbf-495a-be47-013907608da9,2,1,0.0,1.0,Chicago,San Francisco,Bears,49ers,4.0,9.0,30.0,80.0,49.0,76.0,0,17,20:52,39:08,132.0,153.0,132,153,0,1,39.0,41.0,18.0,28.0,0.0,0.0,sr:competitor:4391,sr:competitor:4389,sr:competitor:4391,sr:competitor:4389,104.0,456.0,1.0,1.0,3,2,home
0,1,0,1,0,MIA,MIN,4.2,6.9,0.0,3.0,4809ecb0-abd3-451d-9c4a-92a90b83ca06,33405046-04ee-4058-a950-d606f8c30852,2,1,0.0,1.0,Miami,Minnesota,Dolphins,Vikings,7.0,7.0,40.0,60.0,50.0,68.0,7,13,22:41,37:19,142.0,143.0,142,143,0,2,29.0,16.0,16.0,28.0,0.0,0.0,sr:competitor:4287,sr:competitor:4423,sr:competitor:4287,sr:competitor:4423,209.0,468.0,1.0,4.0,3,1,home
0,1,0,1,0,ATL,NO,3.5,5.7,1.0,1.0,e6aa13a4-0055-48a9-bc41-be28dc106929,0d855753-ea21-4953-89f9-0e20aff9eb73,2,1,1.0,1.0,Atlanta,New Orleans,Falcons,Saints,5.0,7.0,33.0,50.0,46.0,66.0,7,23,25:26,34:34,128.0,145.0,128,145,1,3,16.0,36.0,21.0,30.0,0.0,0.0,sr:competitor:4393,sr:competitor:4425,sr:competitor:4393,sr:competitor:4425,163.0,373.0,3.0,1.0,2,0,home
0,1,0,1,0,DEN,KC,5.7,6.1,1.0,4.0,ce92bd47-93d5-4fe9-ada4-0fc681e6caa0,6680d28d-d4d2-49f6-aace-5292d3ec02c2,2,1,1.0,2.0,Denver,Kansas City,Broncos,Chiefs,7.0,6.0,51.0,51.0,51.0,69.0,7,20,25:26,34:34,136.0,141.0,136,141,0,2,24.0,8.0,14.0,41.0,0.0,0.0,sr:competitor:4418,sr:competitor:4422,sr:competitor:4418,sr:competitor:4422,291.0,424.0,1.0,2.0,3,1,home
0,1,0,1,0,NYG,DAL,3.9,2.4,1.0,2.0,04aa1c9d-66da-489d-b16a-1dee3f2eec4d,e627eec7-bbae-4fa4-8e73-8e1d6bc5c060,2,1,0.0,2.0,New York,Dallas,Giants,Cowboys,7.0,7.0,79.0,75.0,58.0,60.0,17,13,28:36,31:24,146.0,135.0,146,135,3,0,35.0,5.0,31.0,30.0,0.0,0.0,sr:competitor:4426,sr:competitor:4392,sr:competitor:4426,sr:competitor:4392,225.0,145.0,1.0,3.0,0,3,away
0,1,0,1,0,JAC,NYG,5.4,5.1,1.0,0.0,f7ddd7fa-0bae-4f90-bc8e-669e4d6cf2de,04aa1c9d-66da-489d-b16a-1dee3f2eec4d,2,1,1.0,0.0,Jacksonville,New York,Jaguars,Giants,3.0,1.0,25.0,10.0,61.0,73.0,25,28,25:39,34:21,140.0,146.0,140,146,1,3,7.0,21.0,18.0,31.0,0.0,0.0,sr:competitor:4386,sr:competitor:4426,sr:competitor:4386,sr:competitor:4426,327.0,373.0,2.0,1.0,2,0,home
0,1,0,1,0,NYJ,BAL,5.8,2.6,4.0,0.0,5fee86ae-74ab-4bdd-8416-42a9dd9964f3,ebd87119-b331-4469-9ea6-d51fe3ce2f1c,2,1,3.0,0.0,New York,Baltimore,Jets,Ravens,4.0,5.0,19.0,32.0,91.0,55.0,20,34,32:14,27:46,147.0,129.0,147,129,0,1,46.0,356.0,21.0,26.0,0.0,1.0,sr:competitor:4427,sr:competitor:4413,sr:competitor:4427,sr:competitor:4413,524.0,142.0,6.0,2.0,3,2,home
0,1,0,1,0,MIN,IND,4.7,6.3,2.0,1.0,33405046-04ee-4058-a950-d606f8c30852,82cf9565-6eb9-4f01-bdbd-5aa0d472fcd9,2,1,0.0,0.0,Minnesota,Indianapolis,Vikings,Colts,6.0,3.0,53.0,20.0,50.0,65.0,10,31,26:01,33:59,143.0,139.0,143,139,3,3,38.0,16.0,21.0,29.0,0.0,0.0,sr:competitor:4423,sr:competitor:4421,sr:competitor:4423,sr:competitor:4421,236.0,411.0,1.0,1.0,0,0,home
0,1,0,1,0,CHI,DET,5.1,3.6,3.0,1.0,7b112545-38e6-483c-a55c-96cf6ee49cb8,c5a59daa-53a7-4de0-851f-fb12be893e9e,2,1,2.0,1.0,Chicago,Detroit,Bears,Lions,5.0,2.0,28.0,20.0,56.0,67.0,23,20,28:56,31:04,132.0,137.0,132,137,0,2,71.0,10.0,26.0,26.0,0.0,0.0,sr:competitor:4391,sr:competitor:4419,sr:competitor:4391,sr:competitor:4419,286.0,240.0,2.0,2.0,3,1,away
0,1,0,1,0,MIA,NE,4.3,6.1,0.0,1.0,4809ecb0-abd3-451d-9c4a-92a90b83ca06,97354895-8c77-4fd4-a860-32e62ea7382a,2,1,0.0,1.0,Miami,New England,Dolphins,Patriots,5.0,5.0,25.0,58.0,72.0,57.0,27,24,35:39,24:21,142.0,144.0,142,144,0,3,69.0,10.0,24.0,21.0,0.0,0.0,sr:competitor:4287,sr:competitor:4424,sr:competitor:4287,sr:competitor:4424,310.0,348.0,0.0,3.0,3,0,away
0,1,0,1,0,DAL,TEN,1.8,5.4,8.0,2.0,e627eec7-bbae-4fa4-8e73-8e1d6bc5c060,d26a1ca5-722d-4274-8f97-c92e49c96315,2,1,3.0,2.0,Dallas,Tennessee,Cowboys,Titans,7.0,7.0,51.0,51.0,53.0,69.0,0,31,25:26,34:34,135.0,156.0,135,156,3,3,20.0,35.0,29.0,36.0,0.0,0.0,sr:competitor:4392,sr:competitor:367364,sr:competitor:4392,sr:competitor:367364,95.0,374.0,5.0,4.0,0,0,home
0,1,0,1,0,PIT,SD,4.2,3.6,1.0,1.0,cb2f9f1f-ac67-424e-9e72-1475cb0ed398,9dbb9060-ba0f-4920-829e-16d4d9246b5d,2,1,0.0,1.0,Pittsburgh,San Diego,Steelers,Chargers,1.0,8.0,10.0,82.0,76.0,47.0,34,21,39:21,20:39,150.0,151.0,150,151,2,0,98.0,102.0,41.0,12.0,0.0,0.0,sr:competitor:4345,,sr:competitor:4345,,316.0,171.0,2.0,2.0,1,3,away
0,1,0,1,0,GB,BUF,5.0,4.8,4.0,0.0,a20471b4-a8d9-40c7-95ad-90cc30e46932,768c92aa-75ff-4a43-bcc0-f2798c2e1724,2,1,3.0,0.0,Green Bay,Buffalo,Packers,Bills,2.0,5.0,12.0,33.0,55.0,65.0,18,27,26:37,33:23,138.0,130.0,138,130,0,2,8.0,3.0,16.0,34.0,0.0,0.0,sr:competitor:4420,sr:competitor:4376,sr:competitor:4420,sr:competitor:4376,274.0,309.0,3.0,1.0,3,1,home
0,1,0,1,0,ARI,WAS,4.5,4.6,3.0,0.0,de760528-1dc0-416a-a978-b510d20692ff,22052ff7-c065-42ee-bc8f-c4691c50e624,2,1,2.0,0.0,Arizona,Washington,Cardinals,Redskins,7.0,8.0,50.0,85.0,54.0,69.0,3,20,23:07,36:53,127.0,157.0,127,157,0,2,89.0,43.0,21.0,33.0,0.0,0.0,sr:competitor:4412,sr:competitor:4432,sr:competitor:4412,sr:competitor:4432,245.0,315.0,5.0,2.0,3,1,home
0,1,0,1,0,CIN,PHI,4.4,4.2,3.0,3.0,ad4ae08f-d808-42d5-a1e6-e9bc4e34d123,386bdbf9-9eea-4869-bb9a-274b0bc66e80,2,1,2.0,3.0,Cincinnati,Philadelphia,Bengals,Eagles,6.0,4.0,39.0,34.0,62.0,77.0,7,16,22:50,37:10,133.0,149.0,133,149,0,3,38.0,14.0,26.0,35.0,0.0,0.0,sr:competitor:4416,sr:competitor:4428,sr:competitor:4416,sr:competitor:4428,271.0,321.0,3.0,4.0,3,0,home
0,1,0,1,0,KC,ATL,5.4,4.2,2.0,1.0,6680d28d-d4d2-49f6-aace-5292d3ec02c2,e6aa13a4-0055-48a9-bc41-be28dc106929,2,1,1.0,0.0,Kansas City,Atlanta,Chiefs,Falcons,5.0,4.0,25.0,30.0,48.0,68.0,13,29,18:42,41:18,141.0,128.0,141,128,0,3,10.0,63.0,12.0,36.0,0.0,0.0,sr:competitor:4422,sr:competitor:4393,sr:competitor:4422,sr:competitor:4393,259.0,288.0,1.0,0.0,3,0,home
0,1,0,1,0,SF,DEN,3.1,4.7,2.0,2.0,f0e724b0-4cbf-495a-be47-013907608da9,ce92bd47-93d5-4fe9-ada4-0fc681e6caa0,2,1,1.0,1.0,San Francisco,Denver,49ers,Broncos,11.0,8.0,110.0,90.0,61.0,77.0,9,38,23:53,36:07,153.0,136.0,153,136,1,3,21.0,15.0,15.0,42.0,0.0,0.0,sr:competitor:4389,sr:competitor:4418,sr:competitor:4389,sr:competitor:4418,192.0,362.0,2.0,1.0,2,0,home
0,1,0,1,0,CAR,OAK,5.8,5.8,3.0,0.0,f14bf5cc-9a82-4a38-bc15-d39f75ed5314,1c1cec48-6352-4556-b789-35304c1a6ae1,2,1,3.0,0.0,Carolina,Oakland,Panthers,Raiders,5.0,7.0,70.0,60.0,51.0,71.0,9,52,21:36,38:24,131.0,148.0,131,148,1,3,0.0,73.0,12.0,39.0,0.0,0.0,sr:competitor:4415,sr:competitor:4390,sr:competitor:4415,sr:competitor:4390,297.0,409.0,4.0,0.0,2,0,home
0,1,0,1,0,BUF,SEA,9.3,5.2,2.0,5.0,768c92aa-75ff-4a43-bcc0-f2798c2e1724,3d08af9e-c767-4f88-a7dc-b920c6d2b4a8,2,1,2.0,3.0,Buffalo,Seattle,Bills,Seahawks,2.0,4.0,10.0,45.0,62.0,60.0,42,23,32:56,27:04,130.0,152.0,130,152,2,2,0.0,4.0,37.0,26.0,0.0,0.0,sr:competitor:4376,sr:competitor:4430,sr:competitor:4376,sr:competitor:4430,579.0,312.0,2.0,4.0,1,1,away
0,1,0,1,0,STL,NO,6.6,5.6,0.0,3.0,39f349de-6463-4803-ad70-f1e0f144f5ed,0d855753-ea21-4953-89f9-0e20aff9eb73,2,1,0.0,0.0,St. Louis,New Orleans,Rams,Saints,6.0,7.0,65.0,48.0,72.0,48.0,26,21,37:42,22:18,154.0,145.0,154,145,1,0,18.0,56.0,42.0,15.0,0.0,0.0,,sr:competitor:4425,,sr:competitor:4425,474.0,269.0,1.0,1.0,2,3,away
0,1,0,1,0,TB,GB,3.9,3.9,1.0,3.0,4254d319-1bc7-4f81-b4ab-b5e6f3402b69,a20471b4-a8d9-40c7-95ad-90cc30e46932,2,1,0.0,2.0,Tampa Bay,Green Bay,Buccaneers,Packers,4.0,6.0,54.0,43.0,70.0,81.0,14,17,28:36,37:55,155.0,138.0,155,138,2,1,23.0,14.0,23.0,38.0,0.0,0.0,sr:competitor:4388,sr:competitor:4420,sr:competitor:4388,sr:competitor:4420,272.0,319.0,0.0,4.0,0,1,home
0,1,0,1,0,NO,SD,4.2,3.7,2.0,2.0,0d855753-ea21-4953-89f9-0e20aff9eb73,9dbb9060-ba0f-4920-829e-16d4d9246b5d,2,1,1.0,0.0,New Orleans,San Diego,Saints,Chargers,6.0,7.0,37.0,85.0,77.0,51.0,28,27,36:06,23:54,145.0,151.0,145,151,1,1,144.0,53.0,31.0,20.0,0.0,0.0,sr:competitor:4425,,sr:competitor:4425,,323.0,188.0,3.0,2.0,2,2,away
0,1,0,1,0,CLE,CIN,5.4,4.6,1.0,3.0,d5a2eb42-8065-4174-ab79-0a6fa820e35e,ad4ae08f-d808-42d5-a1e6-e9bc4e34d123,2,1,0.0,1.0,Cleveland,Cincinnati,Browns,Bengals,6.0,7.0,60.0,65.0,65.0,69.0,24,7,34:03,25:57,134.0,133.0,134,133,2,0,12.0,40.0,33.0,19.0,0.0,0.0,sr:competitor:4417,sr:competitor:4416,sr:competitor:4417,sr:competitor:4416,354.0,318.0,1.0,3.0,1,3,away
0,1,0,1,0,ATL,DEN,3.9,5.5,5.0,0.0,e6aa13a4-0055-48a9-bc41-be28dc106929,ce92bd47-93d5-4fe9-ada4-0fc681e6caa0,2,1,3.0,0.0,Atlanta,Denver,Falcons,Broncos,10.0,7.0,71.0,54.0,48.0,74.0,14,42,22:57,37:03,128.0,136.0,128,136,3,2,50.0,33.0,13.0,39.0,0.0,0.0,sr:competitor:4393,sr:competitor:4418,sr:competitor:4393,sr:competitor:4418,186.0,407.0,3.0,0.0,0,1,home
0,1,0,1,0,OAK,IND,6.0,6.6,1.0,1.0,1c1cec48-6352-4556-b789-35304c1a6ae1,82cf9565-6eb9-4f01-bdbd-5aa0d472fcd9,2,1,0.0,1.0,Oakland,Indianapolis,Raiders,Colts,5.0,7.0,35.0,41.0,60.0,70.0,38,31,30:59,29:01,148.0,139.0,148,139,1,0,61.0,28.0,38.0,20.0,0.0,0.0,sr:competitor:4390,sr:competitor:4421,sr:competitor:4390,sr:competitor:4421,359.0,462.0,0.0,3.0,2,3,away
0,1,0,1,0,KC,TEN,3.3,5.1,2.0,1.0,6680d28d-d4d2-49f6-aace-5292d3ec02c2,d26a1ca5-722d-4274-8f97-c92e49c96315,2,1,0.0,1.0,Kansas City,Tennessee,Chiefs,Titans,10.0,7.0,72.0,70.0,57.0,69.0,14,17,29:53,33:05,141.0,156.0,141,156,2,0,80.0,37.0,33.0,29.0,0.0,0.0,sr:competitor:4422,sr:competitor:367364,sr:competitor:4422,sr:competitor:367364,189.0,353.0,0.0,3.0,0,2,home
0,1,0,1,0,CAR,SF,6.6,6.2,1.0,1.0,f14bf5cc-9a82-4a38-bc15-d39f75ed5314,f0e724b0-4cbf-495a-be47-013907608da9,2,1,0.0,1.0,Carolina,San Francisco,Panthers,49ers,6.0,9.0,50.0,67.0,68.0,63.0,38,22,36:07,23:53,131.0,153.0,131,153,2,0,23.0,47.0,34.0,22.0,0.0,0.0,sr:competitor:4415,sr:competitor:4389,sr:competitor:4415,sr:competitor:4389,450.0,391.0,1.0,2.0,1,3,away
0,1,0,1,0,SEA,MIA,3.0,4.6,3.0,1.0,3d08af9e-c767-4f88-a7dc-b920c6d2b4a8,4809ecb0-abd3-451d-9c4a-92a90b83ca06,2,1,2.0,1.0,Seattle,Miami,Seahawks,Dolphins,2.0,6.0,10.0,36.0,47.0,67.0,0,23,21:40,38:20,152.0,142.0,152,142,2,3,52.0,74.0,19.0,41.0,0.0,0.0,sr:competitor:4430,sr:competitor:4287,sr:competitor:4430,sr:competitor:4287,143.0,308.0,6.0,1.0,1,0,home
0,1,0,1,0,BUF,NYJ,5.8,4.1,3.0,0.0,768c92aa-75ff-4a43-bcc0-f2798c2e1724,5fee86ae-74ab-4bdd-8416-42a9dd9964f3,2,1,3.0,0.0,Buffalo,New York,Bills,Jets,7.0,3.0,66.0,10.0,61.0,68.0,14,27,26:49,33:11,130.0,147.0,130,147,0,1,24.0,28.0,23.0,36.0,0.0,0.0,sr:competitor:4376,sr:competitor:4427,sr:competitor:4376,sr:competitor:4427,354.0,279.0,4.0,1.0,3,2,home
0,1,0,1,0,NO,SEA,5.1,4.6,1.0,0.0,0d855753-ea21-4953-89f9-0e20aff9eb73,3d08af9e-c767-4f88-a7dc-b920c6d2b4a8,2,1,0.0,0.0,New Orleans,Seattle,Saints,Seahawks,4.0,4.0,40.0,32.0,52.0,64.0,10,20,25:13,34:47,145.0,152.0,145,152,0,0,6.0,21.0,26.0,31.0,0.0,0.0,sr:competitor:4425,sr:competitor:4430,sr:competitor:4425,sr:competitor:4430,263.0,295.0,0.0,1.0,3,3,home
0,1,0,1,0,DAL,WAS,6.0,4.1,2.0,3.0,e627eec7-bbae-4fa4-8e73-8e1d6bc5c060,22052ff7-c065-42ee-bc8f-c4691c50e624,2,1,1.0,1.0,Dallas,Washington,Cowboys,Redskins,4.0,6.0,20.0,82.0,55.0,81.0,27,21,24:54,35:06,135.0,157.0,135,157,1,0,58.0,54.0,31.0,29.0,0.0,0.0,sr:competitor:4392,sr:competitor:4432,sr:competitor:4392,sr:competitor:4432,332.0,331.0,2.0,2.0,2,3,away
0,1,0,1,0,PIT,CLE,5.3,7.0,1.0,1.0,cb2f9f1f-ac67-424e-9e72-1475cb0ed398,d5a2eb42-8065-4174-ab79-0a6fa820e35e,2,1,0.0,1.0,Pittsburgh,Cleveland,Steelers,Browns,5.0,4.0,35.0,26.0,63.0,54.0,20,23,31:12,28:48,150.0,134.0,150,134,0,3,60.0,5.0,31.0,23.0,0.0,0.0,sr:competitor:4345,sr:competitor:4417,sr:competitor:4345,sr:competitor:4417,336.0,377.0,1.0,1.0,3,0,home
0,1,0,1,0,MIN,NE,4.2,4.8,2.0,0.0,33405046-04ee-4058-a950-d606f8c30852,97354895-8c77-4fd4-a860-32e62ea7382a,2,1,1.0,0.0,Minnesota,New England,Vikings,Patriots,5.0,9.0,61.0,64.0,75.0,56.0,21,13,39:08,20:52,143.0,144.0,143,144,2,0,8.0,35.0,43.0,18.0,0.0,0.0,sr:competitor:4423,sr:competitor:4424,sr:competitor:4423,sr:competitor:4424,315.0,267.0,2.0,1.0,1,3,away
0,1,0,1,0,PHI,GB,2.9,3.5,1.0,1.0,386bdbf9-9eea-4869-bb9a-274b0bc66e80,a20471b4-a8d9-40c7-95ad-90cc30e46932,2,1,0.0,1.0,Philadelphia,Green Bay,Eagles,Packers,12.0,5.0,115.0,31.0,58.0,67.0,3,6,27:40,32:20,149.0,138.0,149,138,0,0,50.0,52.0,22.0,29.0,0.0,0.0,sr:competitor:4428,sr:competitor:4420,sr:competitor:4428,sr:competitor:4420,171.0,236.0,1.0,4.0,3,3,home
0,1,0,1,0,DEN,OAK,5.5,6.0,1.0,2.0,ce92bd47-93d5-4fe9-ada4-0fc681e6caa0,1c1cec48-6352-4556-b789-35304c1a6ae1,2,1,1.0,2.0,Denver,Oakland,Broncos,Raiders,3.0,5.0,30.0,51.0,71.0,44.0,33,24,37:06,22:54,136.0,148.0,136,148,2,0,22.0,0.0,39.0,19.0,0.0,0.0,sr:competitor:4418,sr:competitor:4390,sr:competitor:4418,sr:competitor:4390,387.0,263.0,1.0,4.0,1,3,away
0,1,0,1,0,SF,STL,7.3,8.4,0.0,2.0,f0e724b0-4cbf-495a-be47-013907608da9,39f349de-6463-4803-ad70-f1e0f144f5ed,2,1,0.0,0.0,San Francisco,St. Louis,49ers,Rams,7.0,3.0,53.0,25.0,55.0,63.0,24,41,26:53,33:07,153.0,154.0,153,154,1,0,30.0,29.0,21.0,28.0,0.0,0.0,sr:competitor:4389,,sr:competitor:4389,,401.0,529.0,2.0,2.0,2,3,home
0,1,0,1,0,NYG,CHI,5.4,4.1,1.0,1.0,04aa1c9d-66da-489d-b16a-1dee3f2eec4d,7b112545-38e6-483c-a55c-96cf6ee49cb8,2,1,1.0,1.0,New York,Chicago,Giants,Bears,2.0,2.0,15.0,30.0,76.0,56.0,14,7,38:11,21:49,146.0,132.0,146,132,1,1,24.0,20.0,41.0,17.0,0.0,0.0,sr:competitor:4426,sr:competitor:4391,sr:competitor:4426,sr:competitor:4391,409.0,228.0,1.0,1.0,2,2,away
0,1,0,1,0,CIN,JAC,3.4,3.7,3.0,0.0,ad4ae08f-d808-42d5-a1e6-e9bc4e34d123,f7ddd7fa-0bae-4f90-bc8e-669e4d6cf2de,2,1,2.0,0.0,Cincinnati,Jacksonville,Bengals,Jaguars,6.0,7.0,44.0,76.0,69.0,65.0,0,13,28:31,31:29,133.0,140.0,133,140,1,3,55.0,89.0,23.0,29.0,0.0,0.0,sr:competitor:4416,sr:competitor:4386,sr:competitor:4416,sr:competitor:4386,233.0,241.0,4.0,1.0,2,0,home
0,1,0,1,0,NYJ,GB,4.9,4.1,0.0,3.0,5fee86ae-74ab-4bdd-8416-42a9dd9964f3,a20471b4-a8d9-40c7-95ad-90cc30e46932,2,1,0.0,1.0,New York,Green Bay,Jets,Packers,10.0,10.0,75.0,81.0,78.0,51.0,20,16,37:50,22:10,147.0,138.0,147,138,3,0,0.0,72.0,34.0,16.0,0.0,0.0,sr:competitor:4427,sr:competitor:4420,sr:competitor:4427,sr:competitor:4420,379.0,211.0,1.0,2.0,0,3,away
0,1,0,1,0,BAL,MIA,4.8,5.1,3.0,0.0,ebd87119-b331-4469-9ea6-d51fe3ce2f1c,4809ecb0-abd3-451d-9c4a-92a90b83ca06,2,1,0.0,0.0,Baltimore,Miami,Ravens,Dolphins,4.0,6.0,20.0,38.0,55.0,51.0,6,19,28:49,31:11,129.0,142.0,129,142,0,3,3.0,102.0,18.0,34.0,0.0,0.0,sr:competitor:4413,sr:competitor:4287,sr:competitor:4413,sr:competitor:4287,262.0,258.0,1.0,1.0,3,0,home
0,1,0,1,0,SD,KC,3.4,5.1,1.0,2.0,9dbb9060-ba0f-4920-829e-16d4d9246b5d,6680d28d-d4d2-49f6-aace-5292d3ec02c2,2,1,1.0,0.0,San Diego,Kansas City,Chargers,Chiefs,8.0,6.0,86.0,30.0,55.0,69.0,10,42,24:51,35:09,151.0,141.0,151,141,2,2,87.0,83.0,14.0,34.0,0.0,0.0,,sr:competitor:4422,,sr:competitor:4422,187.0,349.0,2.0,1.0,1,1,home
0,1,0,1,0,ATL,CAR,4.4,4.9,3.0,3.0,e6aa13a4-0055-48a9-bc41-be28dc106929,f14bf5cc-9a82-4a38-bc15-d39f75ed5314,2,1,2.0,2.0,Atlanta,Carolina,Falcons,Panthers,7.0,4.0,57.0,28.0,59.0,58.0,15,10,33:14,26:46,128.0,131.0,128,131,3,0,75.0,5.0,30.0,16.0,1.0,0.0,sr:competitor:4393,sr:competitor:4415,sr:competitor:4393,sr:competitor:4415,262.0,284.0,2.0,4.0,0,3,away
0,1,0,1,0,TB,DET,4.8,4.6,0.0,2.0,4254d319-1bc7-4f81-b4ab-b5e6f3402b69,c5a59daa-53a7-4de0-851f-fb12be893e9e,2,1,0.0,1.0,Tampa Bay,Detroit,Buccaneers,Lions,5.0,10.0,45.0,51.0,69.0,53.0,31,10,36:04,23:56,155.0,137.0,155,137,0,0,91.0,17.0,39.0,10.0,0.0,0.0,sr:competitor:4388,sr:competitor:4419,sr:competitor:4388,sr:competitor:4419,331.0,243.0,0.0,3.0,3,3,away
0,1,0,1,0,CIN,BAL,2.1,5.1,2.0,1.0,ad4ae08f-d808-42d5-a1e6-e9bc4e34d123,ebd87119-b331-4469-9ea6-d51fe3ce2f1c,2,1,2.0,1.0,Cincinnati,Baltimore,Bengals,Ravens,8.0,10.0,53.0,90.0,44.0,77.0,0,37,21:16,38:44,133.0,129.0,133,129,2,2,9.0,39.0,16.0,38.0,0.0,0.0,sr:competitor:4416,sr:competitor:4413,sr:competitor:4416,sr:competitor:4413,94.0,391.0,4.0,1.0,1,1,home
0,1,0,1,0,SEA,SD,5.3,4.6,2.0,3.0,3d08af9e-c767-4f88-a7dc-b920c6d2b4a8,9dbb9060-ba0f-4920-829e-16d4d9246b5d,2,1,2.0,0.0,Seattle,San Diego,Seahawks,Chargers,5.0,9.0,45.0,71.0,51.0,66.0,20,12,26:44,33:16,152.0,151.0,152,151,2,0,113.0,9.0,25.0,24.0,0.0,0.0,sr:competitor:4430,,sr:competitor:4430,,269.0,303.0,2.0,2.0,1,3,away
0,1,0,1,0,WAS,NYG,6.6,3.7,1.0,0.0,22052ff7-c065-42ee-bc8f-c4691c50e624,04aa1c9d-66da-489d-b16a-1dee3f2eec4d,2,1,0.0,0.0,Washington,New York,Redskins,Giants,4.0,6.0,25.0,59.0,60.0,70.0,16,6,31:22,28:38,157.0,146.0,157,146,2,0,47.0,6.0,39.0,22.0,0.0,0.0,sr:competitor:4432,sr:competitor:4426,sr:competitor:4432,sr:competitor:4426,394.0,261.0,0.0,1.0,1,3,away
0,1,0,1,0,JAC,IND,4.4,8.3,1.0,1.0,f7ddd7fa-0bae-4f90-bc8e-669e4d6cf2de,82cf9565-6eb9-4f01-bdbd-5aa0d472fcd9,2,1,0.0,1.0,Jacksonville,Indianapolis,Jaguars,Colts,4.0,11.0,40.0,90.0,65.0,64.0,14,43,27:38,32:22,140.0,139.0,140,139,2,2,21.0,28.0,24.0,28.0,0.0,1.0,sr:competitor:4386,sr:competitor:4421,sr:competitor:4386,sr:competitor:4421,286.0,533.0,2.0,1.0,1,1,home
0,1,0,1,0,TEN,PIT,6.0,5.6,1.0,1.0,d26a1ca5-722d-4274-8f97-c92e49c96315,cb2f9f1f-ac67-424e-9e72-1475cb0ed398,2,1,0.0,1.0,Tennessee,Pittsburgh,Titans,Steelers,3.0,5.0,25.0,35.0,62.0,65.0,23,20,30:32,29:28,156.0,150.0,156,150,1,0,70.0,36.0,31.0,25.0,0.0,0.0,sr:competitor:367364,sr:competitor:4345,sr:competitor:367364,sr:competitor:4345,372.0,364.0,3.0,1.0,2,3,away
0,1,0,1,0,GB,ARI,6.6,3.7,1.0,0.0,a20471b4-a8d9-40c7-95ad-90cc30e46932,de760528-1dc0-416a-a978-b510d20692ff,2,1,1.0,0.0,Green Bay,Arizona,Packers,Cardinals,8.0,3.0,73.0,25.0,69.0,57.0,29,3,36:28,23:32,138.0,127.0,138,127,2,1,43.0,11.0,36.0,13.0,0.0,0.0,sr:competitor:4420,sr:competitor:4412,sr:competitor:4420,sr:competitor:4412,455.0,209.0,1.0,4.0,1,2,away
0,1,0,1,0,CAR,WAS,4.5,5.9,1.0,0.0,f14bf5cc-9a82-4a38-bc15-d39f75ed5314,22052ff7-c065-42ee-bc8f-c4691c50e624,2,1,1.0,0.0,Carolina,Washington,Panthers,Redskins,9.0,7.0,65.0,64.0,52.0,67.0,17,20,26:46,33:14,131.0,157.0,131,157,2,3,0.0,15.0,20.0,31.0,0.0,0.0,sr:competitor:4415,sr:competitor:4432,sr:competitor:4415,sr:competitor:4432,236.0,396.0,1.0,0.0,1,0,home
0,1,0,1,0,STL,ATL,8.4,4.3,2.0,3.0,39f349de-6463-4803-ad70-f1e0f144f5ed,e6aa13a4-0055-48a9-bc41-be28dc106929,2,1,1.0,2.0,St. Louis,Atlanta,Rams,Falcons,10.0,5.0,90.0,42.0,47.0,67.0,41,20,27:16,32:44,154.0,128.0,154,128,1,2,10.0,8.0,25.0,21.0,0.0,0.0,,sr:competitor:4393,,sr:competitor:4393,395.0,286.0,2.0,4.0,2,1,away
0,1,0,1,0,CLE,OAK,4.0,4.7,1.0,0.0,d5a2eb42-8065-4174-ab79-0a6fa820e35e,1c1cec48-6352-4556-b789-35304c1a6ae1,2,1,0.0,0.0,Cleveland,Oakland,Browns,Raiders,8.0,5.0,46.0,40.0,58.0,62.0,10,36,27:03,32:57,134.0,148.0,134,148,2,3,40.0,71.0,21.0,36.0,0.0,1.0,sr:competitor:4417,sr:competitor:4390,sr:competitor:4417,sr:competitor:4390,230.0,292.0,2.0,0.0,1,0,home
0,1,0,1,0,PHI,NO,4.5,4.2,3.0,2.0,386bdbf9-9eea-4869-bb9a-274b0bc66e80,0d855753-ea21-4953-89f9-0e20aff9eb73,2,1,2.0,2.0,Philadelphia,New Orleans,Eagles,Saints,10.0,5.0,64.0,40.0,60.0,68.0,21,7,29:21,30:39,149.0,145.0,149,145,2,1,89.0,9.0,25.0,25.0,0.0,0.0,sr:competitor:4428,sr:competitor:4425,sr:competitor:4428,sr:competitor:4425,268.0,287.0,2.0,4.0,1,2,away
0,1,0,1,0,NYJ,TB,4.3,4.5,1.0,2.0,5fee86ae-74ab-4bdd-8416-42a9dd9964f3,4254d319-1bc7-4f81-b4ab-b5e6f3402b69,2,1,0.0,2.0,New York,Tampa Bay,Jets,Buccaneers,4.0,8.0,25.0,75.0,69.0,53.0,21,17,31:29,28:31,147.0,155.0,147,155,2,0,63.0,89.0,24.0,32.0,0.0,0.0,sr:competitor:4427,sr:competitor:4388,sr:competitor:4427,sr:competitor:4388,296.0,239.0,3.0,4.0,1,3,away
0,1,0,1,0,SF,DAL,5.9,6.2,0.0,2.0,f0e724b0-4cbf-495a-be47-013907608da9,e627eec7-bbae-4fa4-8e73-8e1d6bc5c060,2,1,0.0,2.0,San Francisco,Dallas,49ers,Cowboys,8.0,5.0,94.0,62.0,74.0,48.0,41,24,37:13,22:47,153.0,135.0,153,135,2,1,17.0,0.0,47.0,14.0,0.0,0.0,sr:competitor:4389,sr:competitor:4392,sr:competitor:4389,sr:competitor:4392,439.0,298.0,0.0,3.0,1,2,away
0,1,0,1,0,DET,CHI,4.0,6.0,1.0,6.0,c5a59daa-53a7-4de0-851f-fb12be893e9e,7b112545-38e6-483c-a55c-96cf6ee49cb8,2,1,0.0,2.0,Detroit,Chicago,Lions,Bears,6.0,9.0,39.0,78.0,69.0,67.0,21,14,31:38,28:22,137.0,132.0,137,132,2,0,30.0,30.0,29.0,31.0,0.0,0.0,sr:competitor:4419,sr:competitor:4391,sr:competitor:4419,sr:competitor:4391,274.0,401.0,1.0,5.0,1,3,away
0,1,0,1,0,KC,DEN,4.8,5.5,1.0,2.0,6680d28d-d4d2-49f6-aace-5292d3ec02c2,ce92bd47-93d5-4fe9-ada4-0fc681e6caa0,2,1,1.0,2.0,Kansas City,Denver,Chiefs,Broncos,8.0,6.0,48.0,71.0,61.0,62.0,23,22,30:19,29:41,141.0,136.0,141,136,2,0,15.0,63.0,27.0,30.0,0.0,0.0,sr:competitor:4422,sr:competitor:4418,sr:competitor:4422,sr:competitor:4418,294.0,342.0,3.0,3.0,1,3,away
0,1,0,1,0,NE,MIA,3.3,4.2,2.0,1.0,97354895-8c77-4fd4-a860-32e62ea7382a,4809ecb0-abd3-451d-9c4a-92a90b83ca06,2,1,1.0,1.0,New England,Miami,Patriots,Dolphins,3.0,5.0,30.0,40.0,64.0,58.0,3,10,29:58,30:02,144.0,142.0,144,142,1,2,73.0,53.0,29.0,33.0,0.0,0.0,sr:competitor:4424,sr:competitor:4287,sr:competitor:4424,sr:competitor:4287,210.0,242.0,2.0,3.0,2,1,home
0,1,0,1,0,BAL,CLE,4.8,4.7,0.0,3.0,ebd87119-b331-4469-9ea6-d51fe3ce2f1c,d5a2eb42-8065-4174-ab79-0a6fa820e35e,2,1,0.0,1.0,Baltimore,Cleveland,Ravens,Browns,6.0,8.0,62.0,60.0,72.0,49.0,12,0,36:44,23:16,129.0,134.0,129,134,2,0,79.0,16.0,37.0,13.0,0.0,0.0,sr:competitor:4413,sr:competitor:4417,sr:competitor:4413,sr:competitor:4417,348.0,230.0,1.0,4.0,1,3,away
0,1,0,1,0,MIN,DET,7.3,5.0,0.0,0.0,33405046-04ee-4058-a950-d606f8c30852,c5a59daa-53a7-4de0-851f-fb12be893e9e,2,1,0.0,0.0,Minnesota,Detroit,Vikings,Lions,10.0,9.0,72.0,55.0,60.0,71.0,31,24,28:42,31:18,143.0,137.0,143,137,3,0,27.0,32.0,29.0,25.0,0.0,0.0,sr:competitor:4423,sr:competitor:4419,sr:competitor:4423,sr:competitor:4419,439.0,355.0,0.0,1.0,0,3,away
0,1,0,1,0,BAL,PIT,4.9,3.8,0.0,3.0,ebd87119-b331-4469-9ea6-d51fe3ce2f1c,cb2f9f1f-ac67-424e-9e72-1475cb0ed398,2,1,0.0,1.0,Baltimore,Pittsburgh,Ravens,Steelers,6.0,2.0,42.0,15.0,69.0,58.0,16,0,35:07,24:53,129.0,150.0,129,150,1,0,50.0,0.0,36.0,18.0,0.0,0.0,sr:competitor:4413,sr:competitor:4345,sr:competitor:4413,sr:competitor:4345,336.0,223.0,0.0,1.0,2,3,away
0,1,0,1,0,IND,BUF,5.1,5.6,0.0,1.0,82cf9565-6eb9-4f01-bdbd-5aa0d472fcd9,768c92aa-75ff-4a43-bcc0-f2798c2e1724,2,1,0.0,0.0,Indianapolis,Buffalo,Colts,Bills,3.0,8.0,20.0,60.0,52.0,69.0,18,16,24:01,35:59,139.0,130.0,139,130,0,1,14.0,31.0,24.0,33.0,0.0,0.0,sr:competitor:4421,sr:competitor:4376,sr:competitor:4421,sr:competitor:4376,265.0,385.0,1.0,0.0,3,2,away
0,1,0,1,0,SD,STL,6.6,9.9,1.0,0.0,9dbb9060-ba0f-4920-829e-16d4d9246b5d,39f349de-6463-4803-ad70-f1e0f144f5ed,2,1,1.0,0.0,San Diego,St. Louis,Chargers,Rams,3.0,4.0,15.0,36.0,58.0,62.0,31,57,29:35,30:25,151.0,154.0,151,154,2,2,0.0,64.0,15.0,26.0,0.0,0.0,,,,,381.0,614.0,2.0,0.0,1,1,home
0,1,0,1,0,ARI,SF,5.6,5.2,4.0,1.0,de760528-1dc0-416a-a978-b510d20692ff,f0e724b0-4cbf-495a-be47-013907608da9,2,1,2.0,1.0,Arizona,San Francisco,Cardinals,49ers,4.0,6.0,40.0,40.0,65.0,66.0,20,27,27:50,32:10,127.0,153.0,127,153,0,3,32.0,3.0,24.0,32.0,0.0,0.0,sr:competitor:4412,sr:competitor:4389,sr:competitor:4412,sr:competitor:4389,365.0,345.0,2.0,1.0,3,0,home
0,1,0,1,0,ATL,PHI,3.4,7.5,0.0,1.0,e6aa13a4-0055-48a9-bc41-be28dc106929,386bdbf9-9eea-4869-bb9a-274b0bc66e80,2,1,0.0,1.0,Atlanta,Philadelphia,Falcons,Eagles,2.0,9.0,10.0,110.0,59.0,67.0,10,38,28:08,31:52,128.0,149.0,128,149,3,2,97.0,24.0,22.0,21.0,0.0,0.0,sr:competitor:4393,sr:competitor:4428,sr:competitor:4393,sr:competitor:4428,200.0,502.0,1.0,3.0,0,1,home
0,1,0,1,0,DAL,CAR,4.6,4.6,0.0,5.0,e627eec7-bbae-4fa4-8e73-8e1d6bc5c060,f14bf5cc-9a82-4a38-bc15-d39f75ed5314,2,1,0.0,2.0,Dallas,Carolina,Cowboys,Panthers,4.0,5.0,45.0,55.0,63.0,59.0,16,13,36:03,27:49,135.0,131.0,135,131,1,2,-3.0,30.0,38.0,29.0,1.0,0.0,sr:competitor:4392,sr:competitor:4415,sr:competitor:4392,sr:competitor:4415,291.0,272.0,2.0,2.0,1,0,away
0,1,0,1,0,MIA,CIN,5.8,4.6,1.0,1.0,4809ecb0-abd3-451d-9c4a-92a90b83ca06,ad4ae08f-d808-42d5-a1e6-e9bc4e34d123,2,1,1.0,1.0,Miami,Cincinnati,Dolphins,Bengals,8.0,10.0,61.0,123.0,52.0,76.0,31,16,26:20,33:40,142.0,133.0,142,133,1,0,0.0,8.0,29.0,35.0,0.0,0.0,sr:competitor:4287,sr:competitor:4416,sr:competitor:4287,sr:competitor:4416,302.0,350.0,2.0,1.0,2,3,away
0,1,0,1,0,TB,WAS,3.6,4.9,3.0,3.0,4254d319-1bc7-4f81-b4ab-b5e6f3402b69,22052ff7-c065-42ee-bc8f-c4691c50e624,2,1,1.0,1.0,Tampa Bay,Washington,Buccaneers,Redskins,4.0,8.0,40.0,48.0,70.0,67.0,17,20,31:32,32:37,155.0,157.0,155,157,1,2,13.0,86.0,28.0,32.0,0.0,0.0,sr:competitor:4388,sr:competitor:4432,sr:competitor:4388,sr:competitor:4432,255.0,330.0,2.0,1.0,1,0,home
0,1,0,1,0,PIT,JAC,5.4,3.0,2.0,1.0,cb2f9f1f-ac67-424e-9e72-1475cb0ed398,f7ddd7fa-0bae-4f90-bc8e-669e4d6cf2de,2,1,2.0,1.0,Pittsburgh,Jacksonville,Steelers,Jaguars,7.0,10.0,55.0,75.0,62.0,68.0,24,13,35:10,24:50,150.0,140.0,150,140,2,0,51.0,9.0,44.0,16.0,0.0,0.0,sr:competitor:4345,sr:competitor:4386,sr:competitor:4345,sr:competitor:4386,332.0,206.0,3.0,2.0,1,3,away
0,1,0,1,0,SEA,KC,4.3,6.9,4.0,0.0,3d08af9e-c767-4f88-a7dc-b920c6d2b4a8,6680d28d-d4d2-49f6-aace-5292d3ec02c2,2,1,1.0,0.0,Seattle,Kansas City,Seahawks,Chiefs,7.0,12.0,45.0,77.0,67.0,55.0,17,24,34:52,25:08,152.0,141.0,152,141,0,0,46.0,27.0,34.0,26.0,0.0,0.0,sr:competitor:4430,sr:competitor:4422,sr:competitor:4430,sr:competitor:4422,289.0,378.0,2.0,0.0,3,3,home
0,1,0,1,0,NYG,TEN,4.4,5.5,2.0,1.0,04aa1c9d-66da-489d-b16a-1dee3f2eec4d,d26a1ca5-722d-4274-8f97-c92e49c96315,2,1,1.0,1.0,New York,Tennessee,Giants,Titans,7.0,6.0,48.0,64.0,49.0,80.0,14,28,17:14,42:46,146.0,156.0,146,156,0,3,18.0,74.0,12.0,43.0,0.0,0.0,sr:competitor:4426,sr:competitor:367364,sr:competitor:4426,sr:competitor:367364,215.0,436.0,4.0,1.0,3,0,home
0,1,0,1,0,SF,ATL,5.6,5.7,3.0,2.0,f0e724b0-4cbf-495a-be47-013907608da9,e6aa13a4-0055-48a9-bc41-be28dc106929,2,1,0.0,1.0,San Francisco,Atlanta,49ers,Falcons,7.0,4.0,42.0,51.0,61.0,63.0,28,36,28:21,31:39,153.0,128.0,153,128,0,2,0.0,57.0,24.0,32.0,0.0,0.0,sr:competitor:4389,sr:competitor:4393,sr:competitor:4389,sr:competitor:4393,339.0,359.0,1.0,1.0,3,1,home
0,1,0,1,0,NE,DEN,5.5,5.4,0.0,2.0,97354895-8c77-4fd4-a860-32e62ea7382a,ce92bd47-93d5-4fe9-ada4-0fc681e6caa0,2,1,0.0,1.0,New England,Denver,Patriots,Broncos,5.0,7.0,17.0,50.0,57.0,75.0,28,19,27:12,32:48,144.0,136.0,144,136,1,0,22.0,27.0,27.0,21.0,0.0,1.0,sr:competitor:4424,sr:competitor:4418,sr:competitor:4424,sr:competitor:4418,314.0,405.0,1.0,2.0,2,3,away
0,1,0,1,0,CHI,GB,6.1,5.7,2.0,2.0,7b112545-38e6-483c-a55c-96cf6ee49cb8,a20471b4-a8d9-40c7-95ad-90cc30e46932,2,1,0.0,2.0,Chicago,Green Bay,Bears,Packers,8.0,4.0,65.0,35.0,61.0,64.0,27,24,31:50,28:10,132.0,138.0,132,138,3,0,36.0,10.0,36.0,14.0,0.0,0.0,sr:competitor:4391,sr:competitor:4420,sr:competitor:4391,sr:competitor:4420,370.0,364.0,0.0,3.0,0,3,away
0,1,0,1,0,PIT,NYJ,4.9,4.3,0.0,2.0,cb2f9f1f-ac67-424e-9e72-1475cb0ed398,5fee86ae-74ab-4bdd-8416-42a9dd9964f3,2,1,0.0,2.0,Pittsburgh,New York,Steelers,Jets,8.0,6.0,57.0,45.0,68.0,48.0,20,3,37:43,22:17,150.0,147.0,150,147,2,1,65.0,6.0,41.0,21.0,0.0,0.0,sr:competitor:4345,sr:competitor:4427,sr:competitor:4345,sr:competitor:4427,330.0,206.0,0.0,4.0,1,2,away
0,1,0,1,0,NO,CHI,5.3,4.3,0.0,0.0,0d855753-ea21-4953-89f9-0e20aff9eb73,7b112545-38e6-483c-a55c-96cf6ee49cb8,2,1,0.0,0.0,New Orleans,Chicago,Saints,Bears,10.0,5.0,149.0,45.0,76.0,57.0,31,10,38:28,21:32,145.0,132.0,145,132,0,0,40.0,68.0,49.0,15.0,0.0,0.0,sr:competitor:4425,sr:competitor:4391,sr:competitor:4425,sr:competitor:4391,403.0,245.0,1.0,3.0,3,3,away
0,1,0,1,0,TB,MIN,5.5,5.9,3.0,3.0,4254d319-1bc7-4f81-b4ab-b5e6f3402b69,33405046-04ee-4058-a950-d606f8c30852,2,1,3.0,1.0,Tampa Bay,Minnesota,Buccaneers,Vikings,7.0,4.0,58.0,44.0,63.0,55.0,23,30,29:37,30:23,155.0,143.0,155,143,0,1,24.0,3.0,20.0,30.0,0.0,0.0,sr:competitor:4388,sr:competitor:4423,sr:competitor:4388,sr:competitor:4423,346.0,322.0,3.0,2.0,3,2,home
0,1,0,1,0,TEN,CIN,5.4,4.8,1.0,3.0,d26a1ca5-722d-4274-8f97-c92e49c96315,ad4ae08f-d808-42d5-a1e6-e9bc4e34d123,2,1,1.0,2.0,Tennessee,Cincinnati,Titans,Bengals,6.0,2.0,50.0,10.0,77.0,44.0,23,14,41:22,18:38,156.0,133.0,156,133,3,2,53.0,42.0,44.0,20.0,0.0,0.0,sr:competitor:367364,sr:competitor:4416,sr:competitor:367364,sr:competitor:4416,417.0,213.0,2.0,2.0,0,1,away
0,1,0,1,0,GB,DET,4.9,4.8,5.0,0.0,a20471b4-a8d9-40c7-95ad-90cc30e46932,c5a59daa-53a7-4de0-851f-fb12be893e9e,2,1,2.0,0.0,Green Bay,Detroit,Packers,Lions,4.0,6.0,29.0,50.0,69.0,53.0,24,31,34:36,25:24,138.0,137.0,138,137,0,2,63.0,70.0,22.0,24.0,0.0,0.0,sr:competitor:4420,sr:competitor:4419,sr:competitor:4420,sr:competitor:4419,339.0,253.0,5.0,1.0,3,1,home
0,1,0,1,0,NYG,ATL,4.4,3.7,0.0,1.0,04aa1c9d-66da-489d-b16a-1dee3f2eec4d,e6aa13a4-0055-48a9-bc41-be28dc106929,2,1,0.0,1.0,New York,Atlanta,Giants,Falcons,8.0,2.0,71.0,13.0,58.0,65.0,13,6,29:45,30:15,146.0,128.0,146,128,3,0,36.0,22.0,33.0,14.0,0.0,0.0,sr:competitor:4426,sr:competitor:4393,sr:competitor:4426,sr:competitor:4393,255.0,238.0,2.0,3.0,0,3,away
0,1,0,1,0,DEN,SD,4.2,4.1,0.0,1.0,ce92bd47-93d5-4fe9-ada4-0fc681e6caa0,9dbb9060-ba0f-4920-829e-16d4d9246b5d,2,1,0.0,0.0,Denver,San Diego,Broncos,Chargers,9.0,6.0,113.0,57.0,72.0,67.0,21,7,34:26,25:34,136.0,151.0,136,151,2,0,153.0,10.0,30.0,20.0,0.0,0.0,sr:competitor:4418,,sr:competitor:4418,,304.0,277.0,0.0,3.0,1,3,away
0,1,0,1,0,BUF,MIA,4.3,4.1,4.0,0.0,768c92aa-75ff-4a43-bcc0-f2798c2e1724,4809ecb0-abd3-451d-9c4a-92a90b83ca06,2,1,1.0,0.0,Buffalo,Miami,Bills,Dolphins,3.0,5.0,40.0,64.0,59.0,62.0,13,22,25:38,34:22,130.0,142.0,130,142,0,3,0.0,50.0,21.0,37.0,0.0,1.0,sr:competitor:4376,sr:competitor:4287,sr:competitor:4376,sr:competitor:4287,254.0,254.0,2.0,1.0,3,0,home
0,1,0,1,0,SD,OAK,3.5,3.6,2.0,2.0,9dbb9060-ba0f-4920-829e-16d4d9246b5d,1c1cec48-6352-4556-b789-35304c1a6ae1,2,1,1.0,0.0,San Diego,Oakland,Chargers,Raiders,4.0,8.0,35.0,60.0,72.0,64.0,6,9,28:30,31:30,151.0,148.0,151,148,0,2,7.0,53.0,28.0,25.0,0.0,1.0,,sr:competitor:4390,,sr:competitor:4390,255.0,233.0,4.0,0.0,4,1,home
0,1,0,1,0,BAL,JAC,2.9,4.8,1.0,7.0,ebd87119-b331-4469-9ea6-d51fe3ce2f1c,f7ddd7fa-0bae-4f90-bc8e-669e4d6cf2de,2,1,1.0,3.0,Baltimore,Jacksonville,Ravens,Jaguars,5.0,6.0,25.0,34.0,66.0,73.0,15,10,28:12,31:48,129.0,140.0,129,140,2,1,111.0,38.0,25.0,27.0,0.0,0.0,sr:competitor:4413,sr:competitor:4386,sr:competitor:4413,sr:competitor:4386,194.0,348.0,1.0,6.0,1,2,away
0,1,0,1,0,OAK,SF,6.1,6.3,1.0,2.0,1c1cec48-6352-4556-b789-35304c1a6ae1,f0e724b0-4cbf-495a-be47-013907608da9,2,1,1.0,2.0,Oakland,San Francisco,Raiders,49ers,10.0,13.0,74.0,124.0,77.0,75.0,34,28,35:30,34:45,148.0,153.0,148,153,2,0,12.0,13.0,33.0,34.0,0.0,0.0,sr:competitor:4390,sr:competitor:4389,sr:competitor:4390,sr:competitor:4389,471.0,472.0,2.0,2.0,0,2,away
0,1,0,1,0,SEA,CAR,4.4,6.0,1.0,2.0,3d08af9e-c767-4f88-a7dc-b920c6d2b4a8,f14bf5cc-9a82-4a38-bc15-d39f75ed5314,2,1,0.0,0.0,Seattle,Carolina,Seahawks,Panthers,12.0,5.0,80.0,30.0,48.0,74.0,3,26,20:20,39:40,152.0,131.0,152,131,1,0,0.0,24.0,11.0,33.0,0.0,0.0,sr:competitor:4430,sr:competitor:4415,sr:competitor:4430,sr:competitor:4415,209.0,447.0,0.0,1.0,2,3,home
0,1,0,1,0,CLE,ARI,4.4,5.1,0.0,3.0,d5a2eb42-8065-4174-ab79-0a6fa820e35e,de760528-1dc0-416a-a978-b510d20692ff,2,1,0.0,2.0,Cleveland,Arizona,Browns,Cardinals,8.0,3.0,86.0,20.0,54.0,62.0,21,29,28:57,31:03,134.0,127.0,134,127,0,3,27.0,26.0,31.0,31.0,0.0,0.0,sr:competitor:4417,sr:competitor:4412,sr:competitor:4417,sr:competitor:4412,240.0,315.0,0.0,2.0,3,0,home
0,1,0,1,0,WAS,PHI,5.8,5.1,1.0,3.0,22052ff7-c065-42ee-bc8f-c4691c50e624,386bdbf9-9eea-4869-bb9a-274b0bc66e80,2,1,1.0,2.0,Washington,Philadelphia,Redskins,Eagles,12.0,5.0,80.0,48.0,70.0,55.0,17,14,36:27,23:33,157.0,149.0,157,149,1,1,95.0,32.0,31.0,18.0,0.0,0.0,sr:competitor:4432,sr:competitor:4428,sr:competitor:4432,sr:competitor:4428,407.0,281.0,2.0,4.0,2,2,away
0,1,0,1,0,IND,NE,5.0,5.3,1.0,0.0,82cf9565-6eb9-4f01-bdbd-5aa0d472fcd9,97354895-8c77-4fd4-a860-32e62ea7382a,2,1,0.0,0.0,Indianapolis,New England,Colts,Patriots,5.0,7.0,52.0,34.0,82.0,57.0,16,24,33:10,26:50,139.0,144.0,139,144,0,2,6.0,46.0,26.0,29.0,0.0,0.0,sr:competitor:4421,sr:competitor:4424,sr:competitor:4421,sr:competitor:4424,408.0,301.0,3.0,0.0,3,1,home
0,1,0,1,0,SD,BUF,4.7,5.2,4.0,3.0,9dbb9060-ba0f-4920-829e-16d4d9246b5d,768c92aa-75ff-4a43-bcc0-f2798c2e1724,2,1,2.0,1.0,San Diego,Buffalo,Chargers,Bills,12.0,10.0,88.0,103.0,65.0,82.0,24,27,32:54,35:32,151.0,130.0,151,130,1,2,51.0,2.0,27.0,28.0,0.0,0.0,,sr:competitor:4376,,sr:competitor:4376,303.0,424.0,4.0,2.0,1,0,home
0,1,0,1,0,SF,GB,6.6,6.3,1.0,0.0,f0e724b0-4cbf-495a-be47-013907608da9,a20471b4-a8d9-40c7-95ad-90cc30e46932,2,1,0.0,0.0,San Francisco,Green Bay,49ers,Packers,4.0,9.0,53.0,65.0,63.0,60.0,28,31,27:36,32:24,153.0,138.0,153,138,0,2,7.0,0.0,19.0,31.0,0.0,0.0,sr:competitor:4389,sr:competitor:4420,sr:competitor:4389,sr:competitor:4420,414.0,378.0,0.0,0.0,3,1,home
0,1,0,1,0,ATL,STL,5.3,7.1,0.0,0.0,e6aa13a4-0055-48a9-bc41-be28dc106929,39f349de-6463-4803-ad70-f1e0f144f5ed,2,1,0.0,0.0,Atlanta,St. Louis,Falcons,Rams,8.0,11.0,40.0,96.0,49.0,74.0,29,45,25:16,34:44,128.0,154.0,128,154,0,3,2.0,1.0,16.0,31.0,0.0,0.0,sr:competitor:4393,,sr:competitor:4393,,259.0,529.0,1.0,1.0,3,0,home
0,1,0,1,0,IND,SEA,7.1,5.9,1.0,2.0,82cf9565-6eb9-4f01-bdbd-5aa0d472fcd9,3d08af9e-c767-4f88-a7dc-b920c6d2b4a8,2,1,1.0,2.0,Indianapolis,Seattle,Colts,Seahawks,3.0,5.0,25.0,39.0,70.0,54.0,37,24,36:09,23:51,139.0,152.0,139,152,2,0,5.0,17.0,39.0,16.0,0.0,0.0,sr:competitor:4421,sr:competitor:4430,sr:competitor:4421,sr:competitor:4430,499.0,317.0,1.0,3.0,1,3,away
0,1,0,1,0,IND,KC,5.9,4.5,1.0,0.0,82cf9565-6eb9-4f01-bdbd-5aa0d472fcd9,6680d28d-d4d2-49f6-aace-5292d3ec02c2,2,1,1.0,0.0,Indianapolis,Kansas City,Colts,Chiefs,7.0,6.0,78.0,50.0,65.0,62.0,27,14,33:13,26:47,139.0,141.0,139,141,3,0,107.0,21.0,32.0,24.0,0.0,0.0,sr:competitor:4421,sr:competitor:4422,sr:competitor:4421,sr:competitor:4422,386.0,280.0,2.0,1.0,0,3,away
0,1,0,1,0,PHI,ARI,5.1,6.8,0.0,1.0,386bdbf9-9eea-4869-bb9a-274b0bc66e80,de760528-1dc0-416a-a978-b510d20692ff,2,1,0.0,1.0,Philadelphia,Arizona,Eagles,Cardinals,10.0,9.0,95.0,65.0,76.0,45.0,33,14,39:34,20:26,149.0,127.0,149,127,3,0,43.0,8.0,38.0,14.0,0.0,0.0,sr:competitor:4428,sr:competitor:4412,sr:competitor:4428,sr:competitor:4412,391.0,305.0,0.0,3.0,0,3,away
0,1,0,1,0,CLE,DEN,4.7,7.0,0.0,3.0,d5a2eb42-8065-4174-ab79-0a6fa820e35e,ce92bd47-93d5-4fe9-ada4-0fc681e6caa0,2,1,0.0,0.0,Cleveland,Denver,Browns,Broncos,9.0,2.0,116.0,14.0,59.0,71.0,10,44,28:09,31:51,134.0,136.0,134,136,2,3,22.0,80.0,9.0,31.0,0.0,0.0,sr:competitor:4417,sr:competitor:4418,sr:competitor:4417,sr:competitor:4418,278.0,499.0,3.0,0.0,1,0,home
0,1,0,1,0,CAR,NO,2.8,5.5,1.0,4.0,f14bf5cc-9a82-4a38-bc15-d39f75ed5314,0d855753-ea21-4953-89f9-0e20aff9eb73,2,1,1.0,3.0,Carolina,New Orleans,Panthers,Saints,7.0,8.0,45.0,59.0,51.0,72.0,6,24,24:02,35:58,131.0,145.0,131,145,2,2,12.0,27.0,12.0,47.0,0.0,0.0,sr:competitor:4415,sr:competitor:4425,sr:competitor:4415,sr:competitor:4425,141.0,397.0,2.0,3.0,1,1,home
0,1,0,1,0,OAK,KC,5.8,5.8,1.0,1.0,1c1cec48-6352-4556-b789-35304c1a6ae1,6680d28d-d4d2-49f6-aace-5292d3ec02c2,2,1,1.0,1.0,Oakland,Kansas City,Raiders,Chiefs,8.0,6.0,69.0,40.0,68.0,60.0,20,17,34:01,25:59,148.0,141.0,148,141,0,1,17.0,11.0,33.0,19.0,0.0,0.0,sr:competitor:4390,sr:competitor:4422,sr:competitor:4390,sr:competitor:4422,391.0,346.0,1.0,1.0,3,2,away
0,1,0,1,0,NYJ,NE,4.3,4.0,1.0,2.0,5fee86ae-74ab-4bdd-8416-42a9dd9964f3,97354895-8c77-4fd4-a860-32e62ea7382a,2,1,1.0,2.0,New York,New England,Jets,Patriots,5.0,4.0,68.0,30.0,69.0,62.0,34,17,37:54,22:06,147.0,144.0,147,144,3,0,97.0,35.0,43.0,14.0,0.0,0.0,sr:competitor:4427,sr:competitor:4424,sr:competitor:4427,sr:competitor:4424,294.0,249.0,1.0,6.0,0,3,away
0,1,0,1,0,BAL,WAS,3.6,4.3,0.0,1.0,ebd87119-b331-4469-9ea6-d51fe3ce2f1c,22052ff7-c065-42ee-bc8f-c4691c50e624,2,1,0.0,1.0,Baltimore,Washington,Ravens,Redskins,7.0,6.0,41.0,51.0,55.0,57.0,3,10,31:04,28:56,129.0,157.0,129,157,0,2,20.0,23.0,25.0,29.0,0.0,0.0,sr:competitor:4413,sr:competitor:4432,sr:competitor:4413,sr:competitor:4432,199.0,246.0,1.0,2.0,3,1,home
0,1,0,1,0,JAC,TEN,5.2,6.9,2.0,1.0,f7ddd7fa-0bae-4f90-bc8e-669e4d6cf2de,d26a1ca5-722d-4274-8f97-c92e49c96315,2,1,2.0,1.0,Jacksonville,Tennessee,Jaguars,Titans,5.0,10.0,40.0,89.0,58.0,59.0,13,27,26:53,33:07,140.0,156.0,140,156,0,1,25.0,32.0,26.0,38.0,0.0,0.0,sr:competitor:4386,sr:competitor:367364,sr:competitor:4386,sr:competitor:367364,304.0,409.0,2.0,1.0,3,2,home
0,1,0,1,0,MIN,CHI,6.3,4.8,2.0,1.0,33405046-04ee-4058-a950-d606f8c30852,7b112545-38e6-483c-a55c-96cf6ee49cb8,2,1,1.0,0.0,Minnesota,Chicago,Vikings,Bears,7.0,8.0,73.0,53.0,58.0,61.0,28,16,27:25,32:35,143.0,132.0,143,132,0,0,32.0,29.0,29.0,26.0,0.0,0.0,sr:competitor:4423,sr:competitor:4391,sr:competitor:4423,sr:competitor:4391,368.0,294.0,1.0,0.0,3,3,away
0,1,0,1,0,CIN,PIT,3.5,4.2,1.0,0.0,ad4ae08f-d808-42d5-a1e6-e9bc4e34d123,cb2f9f1f-ac67-424e-9e72-1475cb0ed398,2,1,1.0,0.0,Cincinnati,Pittsburgh,Bengals,Steelers,6.0,8.0,46.0,65.0,66.0,66.0,0,15,28:39,31:21,133.0,150.0,133,150,2,2,40.0,123.0,26.0,32.0,0.0,1.0,sr:competitor:4416,sr:competitor:4345,sr:competitor:4416,sr:competitor:4345,232.0,274.0,3.0,0.0,1,1,home
0,1,0,1,0,DAL,NYG,3.8,5.2,0.0,0.0,e627eec7-bbae-4fa4-8e73-8e1d6bc5c060,04aa1c9d-66da-489d-b16a-1dee3f2eec4d,2,1,0.0,0.0,Dallas,New York,Cowboys,Giants,9.0,9.0,81.0,72.0,71.0,60.0,14,19,30:42,29:18,135.0,146.0,135,146,0,2,22.0,66.0,27.0,33.0,0.0,0.0,sr:competitor:4392,sr:competitor:4426,sr:competitor:4392,sr:competitor:4426,269.0,311.0,5.0,0.0,3,1,home
0,1,0,1,0,ARI,NYG,5.1,6.0,2.0,3.0,de760528-1dc0-416a-a978-b510d20692ff,04aa1c9d-66da-489d-b16a-1dee3f2eec4d,2,1,1.0,1.0,Arizona,New York,Cardinals,Giants,1.0,9.0,5.0,68.0,70.0,66.0,16,21,28:30,31:30,127.0,146.0,127,146,0,3,28.0,60.0,20.0,41.0,0.0,0.0,sr:competitor:4412,sr:competitor:4426,sr:competitor:4412,sr:competitor:4426,355.0,395.0,4.0,2.0,3,0,home
